/*
 Navicat Premium Data Transfer

 Source Server         : localhost
 Source Server Type    : MySQL
 Source Server Version : 80023
 Source Host           : localhost:3306
 Source Schema         : base-ks

 Target Server Type    : MySQL
 Target Server Version : 80023
 File Encoding         : 65001

 Date: 22/12/2023 13:29:26
*/

SET NAMES utf8mb4;
SET FOREIGN_KEY_CHECKS = 0;

-- ----------------------------
-- Table structure for exam
-- ----------------------------
DROP TABLE IF EXISTS `exam`;
CREATE TABLE `exam`  (
  `id` varchar(100) CHARACTER SET utf8mb4 COLLATE utf8mb4_0900_ai_ci NOT NULL,
  `title` varchar(255) CHARACTER SET utf8mb4 COLLATE utf8mb4_0900_ai_ci NOT NULL COMMENT '标题',
  `type` varchar(255) CHARACTER SET utf8mb4 COLLATE utf8mb4_0900_ai_ci NOT NULL DEFAULT '5001' COMMENT '试卷类型',
  `get_type` varchar(255) CHARACTER SET utf8mb4 COLLATE utf8mb4_0900_ai_ci NOT NULL DEFAULT '6001' COMMENT '选题方式',
  `get_num` int NULL DEFAULT NULL COMMENT '随机抽题数量',
  `duration` int NOT NULL COMMENT '时长',
  `criteria` int NOT NULL COMMENT '及格标准',
  `remark` text CHARACTER SET utf8mb4 COLLATE utf8mb4_0900_ai_ci NULL COMMENT '备注',
  `dept_id` varchar(100) CHARACTER SET utf8mb4 COLLATE utf8mb4_0900_ai_ci NOT NULL COMMENT '部门',
  `start_time` timestamp NOT NULL COMMENT '开始时间',
  `end_time` timestamp NOT NULL COMMENT '结束时间',
  `create_time` timestamp NULL DEFAULT NULL COMMENT '创建时间',
  `update_time` timestamp NULL DEFAULT NULL COMMENT '修改时间',
  `is_deleted` tinyint NOT NULL,
  `version` bigint NOT NULL,
  PRIMARY KEY (`id`) USING BTREE
) ENGINE = InnoDB CHARACTER SET = utf8mb4 COLLATE = utf8mb4_0900_ai_ci COMMENT = '考试试卷表' ROW_FORMAT = Dynamic;

-- ----------------------------
-- Records of exam
-- ----------------------------
INSERT INTO `exam` VALUES ('1714328546776305665', '模拟测试', '5001', '6002', 4, 90, 60, NULL, '1704391524548911105', '2023-10-18 01:12:24', '2023-10-18 02:42:24', '2023-10-18 01:12:31', '2023-12-22 11:03:33', 0, 14);
INSERT INTO `exam` VALUES ('1714345466074349569', '正式考试', '5002', '6002', 2, 20, 20, NULL, '1704391524548911105', '2023-10-18 02:19:29', '2023-10-18 02:39:29', '2023-10-18 02:19:45', '2023-12-22 11:03:24', 0, 3);

-- ----------------------------
-- Table structure for exam_question_relation
-- ----------------------------
DROP TABLE IF EXISTS `exam_question_relation`;
CREATE TABLE `exam_question_relation`  (
  `id` varchar(100) CHARACTER SET utf8mb4 COLLATE utf8mb4_0900_ai_ci NOT NULL,
  `exam_id` varchar(100) CHARACTER SET utf8mb4 COLLATE utf8mb4_0900_ai_ci NOT NULL COMMENT '考试id',
  `question_id` varchar(100) CHARACTER SET utf8mb4 COLLATE utf8mb4_0900_ai_ci NOT NULL COMMENT '题目id',
  `create_time` timestamp NOT NULL COMMENT '创建时间',
  `update_time` timestamp NOT NULL COMMENT '更新时间',
  `is_deleted` tinyint NOT NULL,
  `version` bigint NOT NULL,
  PRIMARY KEY (`id`) USING BTREE
) ENGINE = InnoDB CHARACTER SET = utf8mb4 COLLATE = utf8mb4_0900_ai_ci COMMENT = '考试题目关系表' ROW_FORMAT = Dynamic;

-- ----------------------------
-- Records of exam_question_relation
-- ----------------------------
INSERT INTO `exam_question_relation` VALUES ('1714342886959071233', '1714328546776305665', '1714340248972541954', '2023-10-18 02:09:30', '2023-10-18 02:09:30', 1, 0);
INSERT INTO `exam_question_relation` VALUES ('1714342886959071234', '1714328546776305665', '1714337710508457985', '2023-10-18 02:09:30', '2023-10-18 02:09:30', 1, 0);
INSERT INTO `exam_question_relation` VALUES ('1714342886959071235', '1714328546776305665', '1714330327744888834', '2023-10-18 02:09:30', '2023-10-18 02:09:30', 1, 0);
INSERT INTO `exam_question_relation` VALUES ('1714342887026180098', '1714328546776305665', '1714330234811695105', '2023-10-18 02:09:30', '2023-10-18 02:09:30', 1, 0);
INSERT INTO `exam_question_relation` VALUES ('1714342887026180099', '1714328546776305665', '1714329910063513602', '2023-10-18 02:09:30', '2023-10-18 02:09:30', 1, 0);
INSERT INTO `exam_question_relation` VALUES ('1714345055338741762', '1714328546776305665', '1714340248972541954', '2023-10-18 02:18:07', '2023-10-18 02:18:07', 1, 0);
INSERT INTO `exam_question_relation` VALUES ('1714345055338741763', '1714328546776305665', '1714337710508457985', '2023-10-18 02:18:07', '2023-10-18 02:18:07', 1, 0);
INSERT INTO `exam_question_relation` VALUES ('1714345055405850625', '1714328546776305665', '1714330327744888834', '2023-10-18 02:18:07', '2023-10-18 02:18:07', 1, 0);
INSERT INTO `exam_question_relation` VALUES ('1714345055405850626', '1714328546776305665', '1714330234811695105', '2023-10-18 02:18:07', '2023-10-18 02:18:07', 1, 0);
INSERT INTO `exam_question_relation` VALUES ('1714345055405850627', '1714328546776305665', '1714329910063513602', '2023-10-18 02:18:07', '2023-10-18 02:18:07', 1, 0);
INSERT INTO `exam_question_relation` VALUES ('1714345116328116226', '1714328546776305665', '1714340248972541954', '2023-10-18 02:18:21', '2023-10-18 02:18:21', 1, 0);
INSERT INTO `exam_question_relation` VALUES ('1714345116328116227', '1714328546776305665', '1714337710508457985', '2023-10-18 02:18:21', '2023-10-18 02:18:21', 1, 0);
INSERT INTO `exam_question_relation` VALUES ('1714345116399419394', '1714328546776305665', '1714330327744888834', '2023-10-18 02:18:21', '2023-10-18 02:18:21', 1, 0);
INSERT INTO `exam_question_relation` VALUES ('1714345116399419395', '1714328546776305665', '1714330234811695105', '2023-10-18 02:18:21', '2023-10-18 02:18:21', 1, 0);
INSERT INTO `exam_question_relation` VALUES ('1714345116399419396', '1714328546776305665', '1714329910063513602', '2023-10-18 02:18:21', '2023-10-18 02:18:21', 1, 0);
INSERT INTO `exam_question_relation` VALUES ('1714906232951185409', '1714328546776305665', '1714329910063513602', '2023-10-19 15:28:02', '2023-10-19 15:28:02', 1, 0);
INSERT INTO `exam_question_relation` VALUES ('1714906359837270017', '1714328546776305665', '1714329910063513602', '2023-10-19 15:28:32', '2023-10-19 15:28:32', 1, 0);
INSERT INTO `exam_question_relation` VALUES ('1714907007186149377', '1714328546776305665', '1714340248972541954', '2023-10-19 15:31:07', '2023-10-19 15:31:07', 1, 0);
INSERT INTO `exam_question_relation` VALUES ('1714909414636953602', '1714328546776305665', '1714329910063513602', '2023-10-19 15:40:41', '2023-10-19 15:40:41', 1, 0);
INSERT INTO `exam_question_relation` VALUES ('1714930249779159041', '1714328546776305665', '1714337710508457985', '2023-10-19 17:03:28', '2023-10-19 17:03:28', 1, 0);
INSERT INTO `exam_question_relation` VALUES ('1714930249829490689', '1714328546776305665', '1714330327744888834', '2023-10-19 17:03:28', '2023-10-19 17:03:28', 1, 0);
INSERT INTO `exam_question_relation` VALUES ('1714930249829490690', '1714328546776305665', '1714330234811695105', '2023-10-19 17:03:28', '2023-10-19 17:03:28', 1, 0);
INSERT INTO `exam_question_relation` VALUES ('1714930249829490691', '1714328546776305665', '1714340248972541954', '2023-10-19 17:03:28', '2023-10-19 17:03:28', 1, 0);
INSERT INTO `exam_question_relation` VALUES ('1714930249829490692', '1714328546776305665', '1714329910063513602', '2023-10-19 17:03:28', '2023-10-19 17:03:28', 1, 0);
INSERT INTO `exam_question_relation` VALUES ('1714935022695784449', '1714328546776305665', '1714340248972541954', '2023-10-19 17:22:26', '2023-10-19 17:22:26', 1, 0);
INSERT INTO `exam_question_relation` VALUES ('1722920724070985730', '1714328546776305665', '1714337710508457985', '2023-11-10 18:14:46', '2023-11-10 18:14:46', 1, 0);
INSERT INTO `exam_question_relation` VALUES ('1722920724070985731', '1714328546776305665', '1714330327744888834', '2023-11-10 18:14:46', '2023-11-10 18:14:46', 1, 0);
INSERT INTO `exam_question_relation` VALUES ('1722920724070985732', '1714328546776305665', '1714330234811695105', '2023-11-10 18:14:46', '2023-11-10 18:14:46', 1, 0);
INSERT INTO `exam_question_relation` VALUES ('1722920724070985733', '1714328546776305665', '1714329910063513602', '2023-11-10 18:14:46', '2023-11-10 18:14:46', 1, 0);
INSERT INTO `exam_question_relation` VALUES ('1722920724070985734', '1714328546776305665', '1714340248972541954', '2023-11-10 18:14:46', '2023-11-10 18:14:46', 1, 0);
INSERT INTO `exam_question_relation` VALUES ('1738032497014931458', '1714328546776305665', '1714337710508457985', '2023-12-22 11:03:33', '2023-12-22 11:03:33', 0, 0);
INSERT INTO `exam_question_relation` VALUES ('1738032497014931459', '1714328546776305665', '1714330327744888834', '2023-12-22 11:03:33', '2023-12-22 11:03:33', 0, 0);
INSERT INTO `exam_question_relation` VALUES ('1738032497014931460', '1714328546776305665', '1714330234811695105', '2023-12-22 11:03:33', '2023-12-22 11:03:33', 0, 0);
INSERT INTO `exam_question_relation` VALUES ('1738032497014931461', '1714328546776305665', '1714329910063513602', '2023-12-22 11:03:33', '2023-12-22 11:03:33', 0, 0);
INSERT INTO `exam_question_relation` VALUES ('1738032497014931462', '1714328546776305665', '1714340248972541954', '2023-12-22 11:03:33', '2023-12-22 11:03:33', 0, 0);

-- ----------------------------
-- Table structure for exam_result
-- ----------------------------
DROP TABLE IF EXISTS `exam_result`;
CREATE TABLE `exam_result`  (
  `id` varchar(100) CHARACTER SET utf8mb4 COLLATE utf8mb4_0900_ai_ci NOT NULL,
  `exam_id` varchar(100) CHARACTER SET utf8mb4 COLLATE utf8mb4_0900_ai_ci NOT NULL COMMENT '考试id',
  `user_id` varchar(100) CHARACTER SET utf8mb4 COLLATE utf8mb4_0900_ai_ci NOT NULL COMMENT '用户id',
  `score` int NOT NULL COMMENT '得分',
  `sum_score` int NOT NULL DEFAULT 0 COMMENT '总分',
  `create_time` timestamp NOT NULL COMMENT '创建时间',
  `update_time` timestamp NOT NULL COMMENT '修改时间',
  `is_deleted` tinyint NOT NULL,
  `version` bigint NULL DEFAULT NULL,
  PRIMARY KEY (`id`) USING BTREE
) ENGINE = InnoDB CHARACTER SET = utf8mb4 COLLATE = utf8mb4_0900_ai_ci COMMENT = '用户考试结果表' ROW_FORMAT = Dynamic;

-- ----------------------------
-- Records of exam_result
-- ----------------------------
INSERT INTO `exam_result` VALUES ('1714889044953440258', '1714328546776305665', '1', 80, 80, '2023-10-19 14:19:44', '2023-10-19 14:39:08', 0, 1);
INSERT INTO `exam_result` VALUES ('1714899594911457281', '1714328546776305665', '1', 20, 80, '2023-10-19 15:01:39', '2023-10-19 15:01:39', 0, 0);
INSERT INTO `exam_result` VALUES ('1722897098743578626', '1714328546776305665', '1', 20, 80, '2023-11-10 16:40:53', '2023-11-10 16:40:53', 0, 0);
INSERT INTO `exam_result` VALUES ('1722920859156934657', '1714328546776305665', '1708841738500644866', 20, 60, '2023-11-10 18:15:18', '2023-11-10 18:15:33', 0, 1);
INSERT INTO `exam_result` VALUES ('1738031195685978113', '1714328546776305665', '1', 80, 80, '2023-12-22 10:58:23', '2023-12-22 10:58:42', 0, 1);
INSERT INTO `exam_result` VALUES ('1738066488451497986', '1714328546776305665', '1', 40, 60, '2023-12-22 13:18:37', '2023-12-22 13:18:37', 0, 0);
INSERT INTO `exam_result` VALUES ('1738066781608181762', '1714328546776305665', '1', 20, 80, '2023-12-22 13:19:47', '2023-12-22 13:19:47', 0, 0);

-- ----------------------------
-- Table structure for my_question_log
-- ----------------------------
DROP TABLE IF EXISTS `my_question_log`;
CREATE TABLE `my_question_log`  (
  `id` varchar(100) CHARACTER SET utf8mb4 COLLATE utf8mb4_0900_ai_ci NOT NULL,
  `result_id` varchar(100) CHARACTER SET utf8mb4 COLLATE utf8mb4_0900_ai_ci NOT NULL COMMENT '考试结果id',
  `exam_id` varchar(500) CHARACTER SET utf8mb4 COLLATE utf8mb4_0900_ai_ci NOT NULL COMMENT '考试id',
  `question_id` varchar(500) CHARACTER SET utf8mb4 COLLATE utf8mb4_0900_ai_ci NOT NULL COMMENT '题目id',
  `my_options` varchar(500) CHARACTER SET utf8mb4 COLLATE utf8mb4_0900_ai_ci NULL DEFAULT NULL COMMENT '我的选项',
  `right_options` varchar(500) CHARACTER SET utf8mb4 COLLATE utf8mb4_0900_ai_ci NULL DEFAULT NULL COMMENT '正确选项',
  `my_answer` varchar(500) CHARACTER SET utf8mb4 COLLATE utf8mb4_0900_ai_ci NULL DEFAULT NULL COMMENT '我的回答',
  `create_time` timestamp NOT NULL COMMENT '创建时间',
  `update_time` timestamp NOT NULL COMMENT '修改时间',
  `is_right` tinyint NOT NULL COMMENT '是否回答正确1:是 0:否',
  `is_deleted` tinyint NOT NULL,
  `version` bigint NOT NULL DEFAULT 0 COMMENT '版本号',
  PRIMARY KEY (`id`) USING BTREE
) ENGINE = InnoDB CHARACTER SET = utf8mb4 COLLATE = utf8mb4_0900_ai_ci COMMENT = '考试答题记录' ROW_FORMAT = DYNAMIC;

-- ----------------------------
-- Records of my_question_log
-- ----------------------------
INSERT INTO `my_question_log` VALUES ('1714889044991188993', '1714889044953440258', '1714328546776305665', '1714340248972541954', 'A', 'A', NULL, '2023-10-19 14:19:44', '2023-10-19 14:19:44', 1, 0, 0);
INSERT INTO `my_question_log` VALUES ('1714889044991188994', '1714889044953440258', '1714328546776305665', '1714329910063513602', 'C', 'A,B,C,D', NULL, '2023-10-19 14:19:44', '2023-10-19 14:19:44', 0, 0, 0);
INSERT INTO `my_question_log` VALUES ('1714889044991188995', '1714889044953440258', '1714328546776305665', '1714330234811695105', 'A', 'A', NULL, '2023-10-19 14:19:44', '2023-10-19 14:19:44', 1, 0, 0);
INSERT INTO `my_question_log` VALUES ('1714889044991188996', '1714889044953440258', '1714328546776305665', '1714330327744888834', NULL, NULL, '79', '2023-10-19 14:19:44', '2023-10-19 14:19:44', 1, 0, 0);
INSERT INTO `my_question_log` VALUES ('1714893926666117122', '1714889044953440258', '1714328546776305665', '1714329910063513602', 'A,B,C,D', 'A,B,C,D', NULL, '2023-10-19 14:39:08', '2023-10-19 14:39:08', 1, 0, 0);
INSERT INTO `my_question_log` VALUES ('1714899594911457282', '1714899594911457281', '1714328546776305665', '1714337710508457985', 'B', 'A', NULL, '2023-10-19 15:01:39', '2023-10-19 15:01:39', 0, 0, 0);
INSERT INTO `my_question_log` VALUES ('1714899594974371841', '1714899594911457281', '1714328546776305665', '1714328760471900161', 'B', 'B', NULL, '2023-10-19 15:01:39', '2023-10-19 15:01:39', 1, 0, 0);
INSERT INTO `my_question_log` VALUES ('1714899594974371842', '1714899594911457281', '1714328546776305665', '1714329910063513602', 'B', 'A,B,C,D', NULL, '2023-10-19 15:01:39', '2023-10-19 15:01:39', 0, 0, 0);
INSERT INTO `my_question_log` VALUES ('1714899594974371843', '1714899594911457281', '1714328546776305665', '1714330327744888834', NULL, NULL, '444', '2023-10-19 15:01:39', '2023-10-19 15:01:39', 0, 0, 0);
INSERT INTO `my_question_log` VALUES ('1722897098743578627', '1722897098743578626', '1714328546776305665', '1714337710508457985', 'B', 'A', NULL, '2023-11-10 16:40:53', '2023-11-10 16:40:53', 0, 0, 0);
INSERT INTO `my_question_log` VALUES ('1722897098743578628', '1722897098743578626', '1714328546776305665', '1714340248972541954', 'B', 'A', NULL, '2023-11-10 16:40:53', '2023-11-10 16:40:53', 0, 0, 0);
INSERT INTO `my_question_log` VALUES ('1722897098743578629', '1722897098743578626', '1714328546776305665', '1719738212419223553', 'B', 'B', NULL, '2023-11-10 16:40:53', '2023-11-10 16:40:53', 1, 0, 0);
INSERT INTO `my_question_log` VALUES ('1722897098743578630', '1722897098743578626', '1714328546776305665', '1714330327744888834', NULL, NULL, '4545', '2023-11-10 16:40:53', '2023-11-10 16:40:53', 0, 0, 0);
INSERT INTO `my_question_log` VALUES ('1722920859156934658', '1722920859156934657', '1714328546776305665', '1714337710508457985', NULL, 'A', NULL, '2023-11-10 18:15:18', '2023-11-10 18:15:18', 0, 0, 0);
INSERT INTO `my_question_log` VALUES ('1722920859156934659', '1722920859156934657', '1714328546776305665', '1719738212419223553', NULL, 'B', NULL, '2023-11-10 18:15:18', '2023-11-10 18:15:18', 0, 0, 0);
INSERT INTO `my_question_log` VALUES ('1722920859156934660', '1722920859156934657', '1714328546776305665', '1719738212557635586', '', 'A,C', NULL, '2023-11-10 18:15:18', '2023-11-10 18:15:18', 0, 0, 0);
INSERT INTO `my_question_log` VALUES ('1722920921186496514', '1722920859156934657', '1714328546776305665', '1714337710508457985', 'A', 'A', NULL, '2023-11-10 18:15:33', '2023-11-10 18:15:33', 1, 0, 0);
INSERT INTO `my_question_log` VALUES ('1722920921186496515', '1722920859156934657', '1714328546776305665', '1719738212419223553', 'A', 'B', NULL, '2023-11-10 18:15:33', '2023-11-10 18:15:33', 0, 0, 0);
INSERT INTO `my_question_log` VALUES ('1722920921186496516', '1722920859156934657', '1714328546776305665', '1719738212557635586', 'A', 'A,C', NULL, '2023-11-10 18:15:33', '2023-11-10 18:15:33', 0, 0, 0);
INSERT INTO `my_question_log` VALUES ('1738031195753086977', '1738031195685978113', '1714328546776305665', '1714328760471900161', NULL, 'B', NULL, '2023-12-22 10:58:23', '2023-12-22 10:58:23', 0, 0, 0);
INSERT INTO `my_question_log` VALUES ('1738031195753086978', '1738031195685978113', '1714328546776305665', '1722897635044065282', NULL, 'B', NULL, '2023-12-22 10:58:23', '2023-12-22 10:58:23', 0, 0, 0);
INSERT INTO `my_question_log` VALUES ('1738031195753086979', '1738031195685978113', '1714328546776305665', '1714330234811695105', NULL, 'A', NULL, '2023-12-22 10:58:23', '2023-12-22 10:58:23', 0, 0, 0);
INSERT INTO `my_question_log` VALUES ('1738031195753086980', '1738031195685978113', '1714328546776305665', '1722897635438329857', NULL, 'A', NULL, '2023-12-22 10:58:23', '2023-12-22 10:58:23', 0, 0, 0);
INSERT INTO `my_question_log` VALUES ('1738031277315522562', '1738031195685978113', '1714328546776305665', '1714328760471900161', 'B', 'B', NULL, '2023-12-22 10:58:42', '2023-12-22 10:58:42', 1, 0, 0);
INSERT INTO `my_question_log` VALUES ('1738031277315522563', '1738031195685978113', '1714328546776305665', '1722897635044065282', 'B', 'B', NULL, '2023-12-22 10:58:42', '2023-12-22 10:58:42', 1, 0, 0);
INSERT INTO `my_question_log` VALUES ('1738031277315522564', '1738031195685978113', '1714328546776305665', '1714330234811695105', 'A', 'A', NULL, '2023-12-22 10:58:42', '2023-12-22 10:58:42', 1, 0, 0);
INSERT INTO `my_question_log` VALUES ('1738031277315522565', '1738031195685978113', '1714328546776305665', '1722897635438329857', 'A', 'A', NULL, '2023-12-22 10:58:42', '2023-12-22 10:58:42', 1, 0, 0);
INSERT INTO `my_question_log` VALUES ('1738066488451497987', '1738066488451497986', '1714328546776305665', '1719738212557635586', 'C', 'A,C', NULL, '2023-12-22 13:18:37', '2023-12-22 13:18:37', 0, 0, 0);
INSERT INTO `my_question_log` VALUES ('1738066488451497988', '1738066488451497986', '1714328546776305665', '1719738212620550145', 'A', 'A', NULL, '2023-12-22 13:18:37', '2023-12-22 13:18:37', 1, 0, 0);
INSERT INTO `my_question_log` VALUES ('1738066488451497989', '1738066488451497986', '1714328546776305665', '1722897635438329857', 'A', 'A', NULL, '2023-12-22 13:18:37', '2023-12-22 13:18:37', 1, 0, 0);
INSERT INTO `my_question_log` VALUES ('1738066781608181763', '1738066781608181762', '1714328546776305665', '1719738212419223553', 'A', 'B', NULL, '2023-12-22 13:19:47', '2023-12-22 13:19:47', 0, 0, 0);
INSERT INTO `my_question_log` VALUES ('1738066781608181764', '1738066781608181762', '1714328546776305665', '1722897635044065282', 'A', 'B', NULL, '2023-12-22 13:19:47', '2023-12-22 13:19:47', 0, 0, 0);
INSERT INTO `my_question_log` VALUES ('1738066781608181765', '1738066781608181762', '1714328546776305665', '1719738212557635586', 'A', 'A,C', NULL, '2023-12-22 13:19:47', '2023-12-22 13:19:47', 0, 0, 0);
INSERT INTO `my_question_log` VALUES ('1738066781608181766', '1738066781608181762', '1714328546776305665', '1719738212620550145', 'A', 'A', NULL, '2023-12-22 13:19:47', '2023-12-22 13:19:47', 1, 0, 0);

-- ----------------------------
-- Table structure for question
-- ----------------------------
DROP TABLE IF EXISTS `question`;
CREATE TABLE `question`  (
  `id` varchar(100) CHARACTER SET utf8mb4 COLLATE utf8mb4_0900_ai_ci NOT NULL,
  `content` text CHARACTER SET utf8mb4 COLLATE utf8mb4_0900_ai_ci NOT NULL COMMENT '题目内容',
  `answer` varchar(500) CHARACTER SET utf8mb4 COLLATE utf8mb4_0900_ai_ci NULL DEFAULT NULL COMMENT '填空题目的正确答案',
  `score` int NOT NULL COMMENT '题目分数',
  `remark` text CHARACTER SET utf8mb4 COLLATE utf8mb4_0900_ai_ci NULL COMMENT '备注',
  `type` varchar(100) CHARACTER SET utf8mb4 COLLATE utf8mb4_0900_ai_ci NOT NULL COMMENT '4001:单选 4002:多选 4003:判断',
  `dept_id` varchar(100) CHARACTER SET utf8mb4 COLLATE utf8mb4_0900_ai_ci NOT NULL COMMENT '部门',
  `create_time` timestamp NOT NULL COMMENT '创建时间',
  `update_time` timestamp NOT NULL COMMENT '更新时间',
  `is_deleted` tinyint NOT NULL,
  `version` bigint NOT NULL,
  PRIMARY KEY (`id`) USING BTREE
) ENGINE = InnoDB CHARACTER SET = utf8mb4 COLLATE = utf8mb4_0900_ai_ci COMMENT = '题库表' ROW_FORMAT = Dynamic;

-- ----------------------------
-- Records of question
-- ----------------------------
INSERT INTO `question` VALUES ('1714328760471900161', '1+1=？', NULL, 20, NULL, '4001', '1704391524548911105', '2023-10-18 01:13:22', '2023-10-18 01:27:50', 0, 1);
INSERT INTO `question` VALUES ('1714329910063513602', '中国四大美女是？', NULL, 20, NULL, '4002', '1704381806241685505', '2023-10-18 01:17:56', '2023-10-19 15:40:41', 0, 9);
INSERT INTO `question` VALUES ('1714330234811695105', '1-2=-1', NULL, 20, NULL, '4003', '1704391524548911105', '2023-10-18 01:19:13', '2023-10-18 01:32:49', 0, 4);
INSERT INTO `question` VALUES ('1714330327744888834', '99-20=?', '79', 20, NULL, '4004', '1704391524548911105', '2023-10-18 01:19:36', '2023-10-18 01:34:36', 0, 4);
INSERT INTO `question` VALUES ('1714337710508457985', '15后面的数是?', NULL, 20, NULL, '4001', '1704391524548911105', '2023-10-18 01:48:56', '2023-10-18 01:48:56', 0, 0);
INSERT INTO `question` VALUES ('1714340248972541954', '99+20', NULL, 20, NULL, '4001', '1704390474278412290', '2023-10-18 01:59:01', '2023-10-19 17:22:26', 0, 2);
INSERT INTO `question` VALUES ('1719735447802413058', '以下哪个是计算机网络的基本组成部分', NULL, 20, NULL, '4001', '1704391524548911105', '2023-11-01 23:17:37', '2023-11-01 23:17:37', 1, 0);
INSERT INTO `question` VALUES ('1719735447932436481', '以下哪些是常见的编程语言', NULL, 20, NULL, '4002', '1704391524548911105', '2023-11-01 23:17:37', '2023-11-01 23:17:37', 1, 0);
INSERT INTO `question` VALUES ('1719735448066654210', '操作系统是一种软件，用于管理计算机硬件和软件资源。', NULL, 20, NULL, '4003', '1704391524548911105', '2023-11-01 23:17:37', '2023-11-01 23:17:37', 1, 0);
INSERT INTO `question` VALUES ('1719735448066654211', '在计算机科学中，HTML代表', 'Hyper Text Markup Language', 20, NULL, '4004', '1704391524548911105', '2023-11-01 23:17:37', '2023-11-01 23:17:37', 1, 1);
INSERT INTO `question` VALUES ('1719738212419223553', '以下哪个是计算机网络的基本组成部分', NULL, 20, NULL, '4001', '1704391524548911105', '2023-11-01 23:28:36', '2023-11-10 16:29:04', 0, 1);
INSERT INTO `question` VALUES ('1719738212557635586', '以下哪些是常见的编程语言', NULL, 20, NULL, '4002', '1704391524548911105', '2023-11-01 23:28:36', '2023-11-01 23:28:36', 0, 0);
INSERT INTO `question` VALUES ('1719738212620550145', '操作系统是一种软件，用于管理计算机硬件和软件资源。', NULL, 20, NULL, '4003', '1704391524548911105', '2023-11-01 23:28:36', '2023-11-01 23:30:37', 0, 1);
INSERT INTO `question` VALUES ('1719738212683464705', '在计算机科学中，HTML代表', 'Hyper Text Markup Language', 20, NULL, '4004', '1704391524548911105', '2023-11-01 23:28:36', '2023-11-01 23:37:42', 0, 2);
INSERT INTO `question` VALUES ('1722897635044065282', '以下哪个是计算机网络的基本组成部分', NULL, 20, NULL, '4001', '1704391524548911105', '2023-11-10 16:43:01', '2023-11-10 16:43:01', 0, 0);
INSERT INTO `question` VALUES ('1722897635111174145', '以下哪些是常见的编程语言', NULL, 20, NULL, '4002', '1704391524548911105', '2023-11-10 16:43:01', '2023-11-10 16:43:01', 0, 0);
INSERT INTO `question` VALUES ('1722897635438329857', '操作系统是一种软件，用于管理计算机硬件和软件资源。', NULL, 20, NULL, '4003', '1704391524548911105', '2023-11-10 16:43:01', '2023-11-10 16:43:01', 0, 0);
INSERT INTO `question` VALUES ('1722897635572547586', '在计算机科学中，HTML代表', 'Hyper Text Markup Language', 20, NULL, '4004', '1704391524548911105', '2023-11-10 16:43:01', '2023-11-10 16:43:01', 0, 1);
INSERT INTO `question` VALUES ('1738043652055859202', '99+22=?', NULL, 20, NULL, '4001', '1704391524548911105', '2023-12-22 11:47:53', '2023-12-22 11:47:53', 0, 0);

-- ----------------------------
-- Table structure for question_option
-- ----------------------------
DROP TABLE IF EXISTS `question_option`;
CREATE TABLE `question_option`  (
  `question_id` varchar(100) CHARACTER SET utf8mb4 COLLATE utf8mb4_0900_ai_ci NOT NULL COMMENT '题目id',
  `options` varchar(255) CHARACTER SET utf8mb4 COLLATE utf8mb4_0900_ai_ci NOT NULL COMMENT '选项',
  `name` varchar(255) CHARACTER SET utf8mb4 COLLATE utf8mb4_0900_ai_ci NOT NULL COMMENT '选项内容',
  `is_right` int NOT NULL COMMENT '是否正确1:是 0:否',
  `create_time` timestamp NOT NULL COMMENT '创建时间',
  `update_time` timestamp NOT NULL COMMENT '更新时间',
  `is_deleted` tinyint NOT NULL,
  `version` bigint NOT NULL,
  PRIMARY KEY (`question_id`, `options`) USING BTREE,
  UNIQUE INDEX `idx_qn_op10100001`(`question_id`, `options`) USING BTREE
) ENGINE = InnoDB CHARACTER SET = utf8mb4 COLLATE = utf8mb4_0900_ai_ci COMMENT = '题目选项' ROW_FORMAT = Dynamic;

-- ----------------------------
-- Records of question_option
-- ----------------------------
INSERT INTO `question_option` VALUES ('1714328760471900161', 'A', '3', 0, '2023-10-18 01:27:50', '2023-10-18 01:27:50', 0, 0);
INSERT INTO `question_option` VALUES ('1714328760471900161', 'B', '2', 1, '2023-10-18 01:27:50', '2023-10-18 01:27:50', 0, 0);
INSERT INTO `question_option` VALUES ('1714328760471900161', 'C', '6', 0, '2023-10-18 01:27:50', '2023-10-18 01:27:50', 0, 0);
INSERT INTO `question_option` VALUES ('1714328760471900161', 'D', '8', 0, '2023-10-18 01:27:50', '2023-10-18 01:27:50', 0, 0);
INSERT INTO `question_option` VALUES ('1714329910063513602', 'A', '貂蝉', 1, '2023-10-19 15:40:41', '2023-10-19 15:40:41', 0, 0);
INSERT INTO `question_option` VALUES ('1714329910063513602', 'B', '西施', 1, '2023-10-19 15:40:41', '2023-10-19 15:40:41', 0, 0);
INSERT INTO `question_option` VALUES ('1714329910063513602', 'C', '杨贵妃', 1, '2023-10-19 15:40:41', '2023-10-19 15:40:41', 0, 0);
INSERT INTO `question_option` VALUES ('1714329910063513602', 'D', '王昭君', 1, '2023-10-19 15:40:41', '2023-10-19 15:40:41', 0, 0);
INSERT INTO `question_option` VALUES ('1714329910063513602', 'E', '东施', 0, '2023-10-19 15:40:41', '2023-10-19 15:40:41', 0, 0);
INSERT INTO `question_option` VALUES ('1714330234811695105', 'A', '正确', 1, '2023-10-18 01:32:49', '2023-10-18 01:32:49', 0, 0);
INSERT INTO `question_option` VALUES ('1714330234811695105', 'B', '错误', 0, '2023-10-18 01:32:49', '2023-10-18 01:32:49', 0, 0);
INSERT INTO `question_option` VALUES ('1714337710508457985', 'A', '16', 1, '2023-10-18 01:48:56', '2023-10-18 01:48:56', 0, 0);
INSERT INTO `question_option` VALUES ('1714337710508457985', 'B', '17', 0, '2023-10-18 01:48:56', '2023-10-18 01:48:56', 0, 0);
INSERT INTO `question_option` VALUES ('1714337710508457985', 'C', '18', 0, '2023-10-18 01:48:56', '2023-10-18 01:48:56', 0, 0);
INSERT INTO `question_option` VALUES ('1714337710508457985', 'D', '19', 0, '2023-10-18 01:48:56', '2023-10-18 01:48:56', 0, 0);
INSERT INTO `question_option` VALUES ('1714340248972541954', 'A', '119', 1, '2023-10-19 17:22:26', '2023-10-19 17:22:26', 0, 0);
INSERT INTO `question_option` VALUES ('1714340248972541954', 'B', '333', 0, '2023-10-19 17:22:26', '2023-10-19 17:22:26', 0, 0);
INSERT INTO `question_option` VALUES ('1714340248972541954', 'C', '343', 0, '2023-10-19 17:22:26', '2023-10-19 17:22:26', 0, 0);
INSERT INTO `question_option` VALUES ('1714340248972541954', 'D', '33', 0, '2023-10-19 17:22:26', '2023-10-19 17:22:26', 0, 0);
INSERT INTO `question_option` VALUES ('1719735447802413058', '打印机', 'C', 0, '2023-11-01 23:17:37', '2023-11-01 23:17:37', 0, 0);
INSERT INTO `question_option` VALUES ('1719735447802413058', '路由器', 'B', 1, '2023-11-01 23:17:37', '2023-11-01 23:17:37', 0, 0);
INSERT INTO `question_option` VALUES ('1719735447802413058', '键盘', 'D', 0, '2023-11-01 23:17:37', '2023-11-01 23:17:37', 0, 0);
INSERT INTO `question_option` VALUES ('1719735447802413058', '集线器', 'A', 0, '2023-11-01 23:17:37', '2023-11-01 23:17:37', 0, 0);
INSERT INTO `question_option` VALUES ('1719735447932436481', 'CSS', 'D', 0, '2023-11-01 23:17:37', '2023-11-01 23:17:37', 0, 0);
INSERT INTO `question_option` VALUES ('1719735447932436481', 'HTML', 'B', 0, '2023-11-01 23:17:37', '2023-11-01 23:17:37', 0, 0);
INSERT INTO `question_option` VALUES ('1719735447932436481', 'Java', 'A', 1, '2023-11-01 23:17:37', '2023-11-01 23:17:37', 0, 0);
INSERT INTO `question_option` VALUES ('1719735447932436481', 'Python', 'C', 1, '2023-11-01 23:17:37', '2023-11-01 23:17:37', 0, 0);
INSERT INTO `question_option` VALUES ('1719735448066654210', '否', 'B', 0, '2023-11-01 23:17:37', '2023-11-01 23:17:37', 0, 0);
INSERT INTO `question_option` VALUES ('1719735448066654210', '对', 'A', 1, '2023-11-01 23:17:37', '2023-11-01 23:17:37', 0, 0);
INSERT INTO `question_option` VALUES ('1719738212419223553', 'A', '集线器', 0, '2023-11-10 16:29:04', '2023-11-10 16:29:04', 0, 0);
INSERT INTO `question_option` VALUES ('1719738212419223553', 'B', '路由器', 1, '2023-11-10 16:29:04', '2023-11-10 16:29:04', 0, 0);
INSERT INTO `question_option` VALUES ('1719738212419223553', 'C', '打印机', 0, '2023-11-10 16:29:04', '2023-11-10 16:29:04', 0, 0);
INSERT INTO `question_option` VALUES ('1719738212419223553', 'D', '键盘', 0, '2023-11-10 16:29:04', '2023-11-10 16:29:04', 0, 0);
INSERT INTO `question_option` VALUES ('1719738212557635586', 'A', 'Java', 1, '2023-11-01 23:28:36', '2023-11-01 23:28:36', 0, 0);
INSERT INTO `question_option` VALUES ('1719738212557635586', 'B', 'HTML', 0, '2023-11-01 23:28:36', '2023-11-01 23:28:36', 0, 0);
INSERT INTO `question_option` VALUES ('1719738212557635586', 'C', 'Python', 1, '2023-11-01 23:28:36', '2023-11-01 23:28:36', 0, 0);
INSERT INTO `question_option` VALUES ('1719738212557635586', 'D', 'CSS', 0, '2023-11-01 23:28:36', '2023-11-01 23:28:36', 0, 0);
INSERT INTO `question_option` VALUES ('1719738212620550145', 'A', '对', 1, '2023-11-01 23:30:37', '2023-11-01 23:30:37', 0, 0);
INSERT INTO `question_option` VALUES ('1719738212620550145', 'B', '否', 0, '2023-11-01 23:30:37', '2023-11-01 23:30:37', 0, 0);
INSERT INTO `question_option` VALUES ('1722897635044065282', 'A', '集线器', 0, '2023-11-10 16:43:01', '2023-11-10 16:43:01', 0, 0);
INSERT INTO `question_option` VALUES ('1722897635044065282', 'B', '路由器', 1, '2023-11-10 16:43:01', '2023-11-10 16:43:01', 0, 0);
INSERT INTO `question_option` VALUES ('1722897635044065282', 'C', '打印机', 0, '2023-11-10 16:43:01', '2023-11-10 16:43:01', 0, 0);
INSERT INTO `question_option` VALUES ('1722897635044065282', 'D', '键盘', 0, '2023-11-10 16:43:01', '2023-11-10 16:43:01', 0, 0);
INSERT INTO `question_option` VALUES ('1722897635111174145', 'A', 'Java', 1, '2023-11-10 16:43:01', '2023-11-10 16:43:01', 0, 0);
INSERT INTO `question_option` VALUES ('1722897635111174145', 'B', 'HTML', 0, '2023-11-10 16:43:01', '2023-11-10 16:43:01', 0, 0);
INSERT INTO `question_option` VALUES ('1722897635111174145', 'C', 'Python', 1, '2023-11-10 16:43:01', '2023-11-10 16:43:01', 0, 0);
INSERT INTO `question_option` VALUES ('1722897635111174145', 'D', 'CSS', 0, '2023-11-10 16:43:01', '2023-11-10 16:43:01', 0, 0);
INSERT INTO `question_option` VALUES ('1722897635438329857', 'A', '对', 1, '2023-11-10 16:43:01', '2023-11-10 16:43:01', 0, 0);
INSERT INTO `question_option` VALUES ('1722897635438329857', 'B', '否', 0, '2023-11-10 16:43:01', '2023-11-10 16:43:01', 0, 0);
INSERT INTO `question_option` VALUES ('1738043652055859202', 'A', '44', 0, '2023-12-22 11:47:53', '2023-12-22 11:47:53', 0, 0);
INSERT INTO `question_option` VALUES ('1738043652055859202', 'B', '121', 1, '2023-12-22 11:47:53', '2023-12-22 11:47:53', 0, 0);
INSERT INTO `question_option` VALUES ('1738043652055859202', 'C', '55', 0, '2023-12-22 11:47:53', '2023-12-22 11:47:53', 0, 0);
INSERT INTO `question_option` VALUES ('1738043652055859202', 'D', '11', 0, '2023-12-22 11:47:53', '2023-12-22 11:47:53', 0, 0);

-- ----------------------------
-- Table structure for sys_dept
-- ----------------------------
DROP TABLE IF EXISTS `sys_dept`;
CREATE TABLE `sys_dept`  (
  `id` varchar(100) CHARACTER SET utf8mb4 COLLATE utf8mb4_0900_ai_ci NOT NULL,
  `name` varchar(50) CHARACTER SET utf8mb4 COLLATE utf8mb4_0900_ai_ci NOT NULL DEFAULT '' COMMENT '部门名称',
  `parent_id` varchar(100) CHARACTER SET utf8mb4 COLLATE utf8mb4_0900_ai_ci NULL DEFAULT '0' COMMENT '上级部门id',
  `tree_path` varchar(255) CHARACTER SET utf8mb4 COLLATE utf8mb4_0900_ai_ci NULL DEFAULT ',' COMMENT '树结构',
  `level` tinyint NULL DEFAULT NULL COMMENT '层级',
  `sort_value` int NULL DEFAULT 1 COMMENT '排序',
  `leader` varchar(20) CHARACTER SET utf8mb4 COLLATE utf8mb4_0900_ai_ci NULL DEFAULT NULL COMMENT '负责人',
  `phone` varchar(11) CHARACTER SET utf8mb4 COLLATE utf8mb4_0900_ai_ci NULL DEFAULT NULL COMMENT '电话',
  `status` tinyint(1) NULL DEFAULT 1 COMMENT '状态（1正常 0停用）',
  `create_time` timestamp NOT NULL DEFAULT CURRENT_TIMESTAMP ON UPDATE CURRENT_TIMESTAMP,
  `update_time` timestamp NOT NULL ON UPDATE CURRENT_TIMESTAMP,
  `is_deleted` tinyint NOT NULL DEFAULT 0 COMMENT '删除标记（0:可用 1:已删除）',
  `version` bigint NOT NULL DEFAULT 0 COMMENT '版本号',
  PRIMARY KEY (`id`) USING BTREE
) ENGINE = InnoDB CHARACTER SET = utf8mb4 COLLATE = utf8mb4_0900_ai_ci COMMENT = '组织机构' ROW_FORMAT = COMPACT;

-- ----------------------------
-- Records of sys_dept
-- ----------------------------
INSERT INTO `sys_dept` VALUES ('1704381428649467906', '株洲典礼实验学校', '1704391524548911105', ',1704391524548911105,1704381428649467906,', 2, 1, '周日明', '13621215240', 1, '2023-09-20 14:26:13', '2023-09-20 15:08:02', 0, 2);
INSERT INTO `sys_dept` VALUES ('1704381806241685505', '长沙驾校', '1704391524548911105', ',1704391524548911105,1704381806241685505,', 2, 2, '赵公明', '17666546764', 1, '2023-09-20 14:27:43', '2023-09-20 15:08:19', 0, 2);
INSERT INTO `sys_dept` VALUES ('1704389811318333442', '一年级', '1704381428649467906', ',1704381428649467906,1704389811318333442,', 2, 1, '', '', 1, '2023-09-20 14:59:32', '2023-09-20 14:59:32', 0, 1);
INSERT INTO `sys_dept` VALUES ('1704389863700996098', '二年级', '1704381428649467906', ',1704381428649467906,1704389863700996098,', 2, 1, '', '', 1, '2023-09-20 14:59:44', '2023-09-20 14:59:44', 0, 1);
INSERT INTO `sys_dept` VALUES ('1704390430213054465', '西区', '1704381806241685505', ',1704381806241685505,1704390430213054465,', 2, 1, '', '', 1, '2023-09-20 15:01:59', '2023-09-20 15:01:59', 0, 1);
INSERT INTO `sys_dept` VALUES ('1704390474278412290', '东区', '1704381806241685505', ',1704381806241685505,1704390474278412290,', 2, 2, '', '', 1, '2023-09-20 15:02:10', '2023-09-20 15:02:10', 0, 1);
INSERT INTO `sys_dept` VALUES ('1704391524548911105', '蓝飞工作室', '0', ',1704391524548911105,', 1, 1, '', '', 1, '2023-09-20 15:06:20', '2023-09-20 15:06:20', 0, 1);

-- ----------------------------
-- Table structure for sys_dic
-- ----------------------------
DROP TABLE IF EXISTS `sys_dic`;
CREATE TABLE `sys_dic`  (
  `id` varchar(100) CHARACTER SET utf8 COLLATE utf8_bin NOT NULL,
  `name` varchar(255) CHARACTER SET utf8 COLLATE utf8_bin NOT NULL COMMENT '名称',
  `code` varchar(255) CHARACTER SET utf8 COLLATE utf8_bin NOT NULL COMMENT '编码',
  `create_time` timestamp NOT NULL COMMENT '创建时间',
  `update_time` timestamp NOT NULL COMMENT '修改时间',
  `is_deleted` tinyint NOT NULL,
  `version` bigint NOT NULL DEFAULT 0 COMMENT '版本号',
  PRIMARY KEY (`id`) USING BTREE,
  UNIQUE INDEX `sys_dic_code_unique`(`code`) USING BTREE
) ENGINE = InnoDB CHARACTER SET = utf8 COLLATE = utf8_bin COMMENT = '字典分类' ROW_FORMAT = DYNAMIC;

-- ----------------------------
-- Records of sys_dic
-- ----------------------------
INSERT INTO `sys_dic` VALUES ('1704425905485279233', '题目类型', '4000', '2023-09-20 17:22:57', '2023-09-20 17:22:57', 0, 0);
INSERT INTO `sys_dic` VALUES ('1712511833587916802', '试卷类型', '5000', '2023-10-13 00:53:33', '2023-10-13 00:53:33', 0, 0);
INSERT INTO `sys_dic` VALUES ('1712527384842428418', '选题方式', '6000', '2023-10-13 01:55:20', '2023-10-13 01:55:33', 0, 1);
INSERT INTO `sys_dic` VALUES ('66c3d1990bcad9b7a89d11078b93feed', '状态', '3000', '2023-04-30 12:10:01', '2023-04-30 12:10:01', 0, 0);
INSERT INTO `sys_dic` VALUES ('bf283aa16df1d22acf3e8a0ed2c8c818', '性别', '1000', '2023-04-13 11:31:07', '2023-09-18 23:52:54', 1, 1);
INSERT INTO `sys_dic` VALUES ('f713c8089f9a5bfcc87a4ae257bdc09d', '兴趣', '2000', '2023-04-18 19:37:33', '2023-09-18 23:52:51', 1, 1);

-- ----------------------------
-- Table structure for sys_dic_item
-- ----------------------------
DROP TABLE IF EXISTS `sys_dic_item`;
CREATE TABLE `sys_dic_item`  (
  `id` varchar(255) CHARACTER SET utf8 COLLATE utf8_bin NOT NULL,
  `dic_code` varchar(255) CHARACTER SET utf8 COLLATE utf8_bin NOT NULL COMMENT '所属分类',
  `code` varchar(255) CHARACTER SET utf8 COLLATE utf8_bin NOT NULL COMMENT '编码',
  `name` varchar(255) CHARACTER SET utf8 COLLATE utf8_bin NOT NULL COMMENT '名称',
  `create_time` timestamp NOT NULL COMMENT '创建时间',
  `update_time` timestamp NOT NULL COMMENT '修改时间',
  `is_deleted` tinyint NOT NULL,
  `version` bigint NOT NULL DEFAULT 0 COMMENT '版本号',
  PRIMARY KEY (`id`) USING BTREE,
  UNIQUE INDEX `sys_dic_item_code_unique`(`code`) USING BTREE
) ENGINE = InnoDB CHARACTER SET = utf8 COLLATE = utf8_bin COMMENT = '字典选项' ROW_FORMAT = DYNAMIC;

-- ----------------------------
-- Records of sys_dic_item
-- ----------------------------
INSERT INTO `sys_dic_item` VALUES ('13e25998cf2d57c89243faac9d388e45', '2000', '2005', '下棋', '2023-04-18 19:40:06', '2023-04-18 19:40:06', 1, 0);
INSERT INTO `sys_dic_item` VALUES ('1704427196173283330', '4000', '4001', '单选题', '2023-09-20 17:28:05', '2023-09-20 17:28:51', 0, 1);
INSERT INTO `sys_dic_item` VALUES ('1704427247725473793', '4000', '4002', '多选题', '2023-09-20 17:28:17', '2023-09-20 17:28:44', 0, 1);
INSERT INTO `sys_dic_item` VALUES ('1704427323092922370', '4000', '4003', '判断题', '2023-09-20 17:28:35', '2023-09-20 17:28:35', 0, 0);
INSERT INTO `sys_dic_item` VALUES ('1712354694408003585', '4000', '4004', '填空题', '2023-10-12 14:29:08', '2023-10-16 13:50:42', 0, 2);
INSERT INTO `sys_dic_item` VALUES ('1712511889615429634', '5000', '5001', '模拟', '2023-10-13 00:53:46', '2023-10-13 00:53:46', 0, 0);
INSERT INTO `sys_dic_item` VALUES ('1712511981734928385', '5000', '5002', '考试', '2023-10-13 00:54:08', '2023-10-13 00:54:08', 0, 0);
INSERT INTO `sys_dic_item` VALUES ('1712527781095104513', '6000', '6001', '手动', '2023-10-13 01:56:55', '2023-10-13 01:56:55', 0, 0);
INSERT INTO `sys_dic_item` VALUES ('1712527832345305090', '6000', '6002', '随机', '2023-10-13 01:57:07', '2023-10-13 01:57:07', 0, 0);
INSERT INTO `sys_dic_item` VALUES ('19cdf0f88b40ce6e6a444a00a1060243', '2000', '2006', '打麻将', '2023-04-18 19:40:18', '2023-04-18 19:40:18', 1, 0);
INSERT INTO `sys_dic_item` VALUES ('20e39ce411c855bf63660877269bf728', '2000', '2001', '打篮球', '2023-04-18 19:38:20', '2023-04-18 19:38:20', 1, 0);
INSERT INTO `sys_dic_item` VALUES ('359736c26f958ed43656d290121d2a8d', '2000', '2004', '跳舞', '2023-04-18 19:39:45', '2023-04-18 19:39:45', 1, 0);
INSERT INTO `sys_dic_item` VALUES ('3c5dd4c40c0f6a745140e3e9238e971b', '3000', '1', '正常', '2023-04-30 12:10:41', '2023-04-30 12:10:41', 0, 0);
INSERT INTO `sys_dic_item` VALUES ('4a83c2c56ba4fac5fddb017c0a4f3dd7', '1000', '1001', '男', '2023-04-13 12:10:29', '2023-04-30 12:49:52', 1, 0);
INSERT INTO `sys_dic_item` VALUES ('668c351bdc7b8cebf5be99f641cc2947', '2000', '2002', '看AV', '2023-04-18 19:38:35', '2023-04-18 19:38:35', 1, 0);
INSERT INTO `sys_dic_item` VALUES ('6d59fb189ac883e2f2475a778eececbd', '3000', '0', '停用', '2023-04-30 12:10:57', '2023-05-01 16:21:12', 0, 0);
INSERT INTO `sys_dic_item` VALUES ('d44689012199471a8612a67eb41b7a59', '1000', '1002', '女', '2023-04-13 12:10:40', '2023-04-30 12:49:57', 1, 0);
INSERT INTO `sys_dic_item` VALUES ('f6ae3007b19c95f3fc70e04dc8d431ed', '2000', '2003', '逛街', '2023-04-18 19:39:27', '2023-04-18 19:39:27', 1, 0);

-- ----------------------------
-- Table structure for sys_menu
-- ----------------------------
DROP TABLE IF EXISTS `sys_menu`;
CREATE TABLE `sys_menu`  (
  `id` varchar(255) CHARACTER SET utf8mb4 COLLATE utf8mb4_0900_ai_ci NOT NULL COMMENT '编号',
  `parent_id` varchar(255) CHARACTER SET utf8mb4 COLLATE utf8mb4_0900_ai_ci NOT NULL DEFAULT '0' COMMENT '所属上级',
  `name` varchar(20) CHARACTER SET utf8mb4 COLLATE utf8mb4_0900_ai_ci NOT NULL DEFAULT '' COMMENT '名称',
  `type` tinyint NOT NULL DEFAULT 0 COMMENT '类型(0:目录,1:菜单,2:按钮)',
  `path` varchar(100) CHARACTER SET utf8mb4 COLLATE utf8mb4_0900_ai_ci NULL DEFAULT NULL COMMENT '路由地址',
  `component` varchar(100) CHARACTER SET utf8mb4 COLLATE utf8mb4_0900_ai_ci NULL DEFAULT NULL COMMENT '组件路径',
  `perms` varchar(100) CHARACTER SET utf8mb4 COLLATE utf8mb4_0900_ai_ci NULL DEFAULT NULL COMMENT '权限标识',
  `icon` varchar(100) CHARACTER SET utf8mb4 COLLATE utf8mb4_0900_ai_ci NULL DEFAULT NULL COMMENT '图标',
  `sort_value` int NULL DEFAULT NULL COMMENT '排序',
  `status` tinyint NULL DEFAULT NULL COMMENT '状态(0:禁止,1:正常)',
  `create_time` timestamp NOT NULL DEFAULT CURRENT_TIMESTAMP COMMENT '创建时间',
  `update_time` timestamp NOT NULL DEFAULT CURRENT_TIMESTAMP ON UPDATE CURRENT_TIMESTAMP COMMENT '更新时间',
  `is_deleted` tinyint NOT NULL DEFAULT 0 COMMENT '删除标记（0:可用 1:已删除）',
  `version` bigint NOT NULL DEFAULT 0 COMMENT '版本号',
  PRIMARY KEY (`id`) USING BTREE,
  INDEX `idx_parent_id`(`parent_id`) USING BTREE
) ENGINE = InnoDB CHARACTER SET = utf8mb4 COLLATE = utf8mb4_0900_ai_ci COMMENT = '菜单表' ROW_FORMAT = DYNAMIC;

-- ----------------------------
-- Records of sys_menu
-- ----------------------------
INSERT INTO `sys_menu` VALUES ('07e9b8c265f824bc7f5d0149523cc92c', '2', '字典管理', 0, 'sysDic', 'ParentView', '', 'iconfont icon-zidianguanli', 7, 1, '2023-04-13 11:04:42', '2023-09-19 00:00:09', 0, 2);
INSERT INTO `sys_menu` VALUES ('10', '4', '查看', 2, NULL, NULL, 'bnt.sysRole.list', NULL, 1, 1, '2021-05-31 18:05:37', '2022-06-09 09:22:38', 0, 0);
INSERT INTO `sys_menu` VALUES ('11', '4', '添加', 2, NULL, NULL, 'bnt.sysRole.add', NULL, 1, 1, '2021-05-31 18:05:37', '2022-06-09 09:22:38', 0, 0);
INSERT INTO `sys_menu` VALUES ('12', '4', '修改', 2, NULL, NULL, 'bnt.sysRole.update', NULL, 1, 1, '2021-05-31 18:05:37', '2022-06-09 09:22:38', 0, 0);
INSERT INTO `sys_menu` VALUES ('13', '4', '删除', 2, NULL, NULL, 'bnt.sysRole.remove', NULL, 1, 1, '2021-05-31 18:05:37', '2022-06-09 09:22:38', 0, 0);
INSERT INTO `sys_menu` VALUES ('14', '5', '查看', 2, NULL, NULL, 'bnt.sysMenu.list', NULL, 1, 1, '2021-05-31 18:05:37', '2022-06-09 09:22:38', 0, 0);
INSERT INTO `sys_menu` VALUES ('15', '5', '添加', 2, NULL, NULL, 'bnt.sysMenu.add', NULL, 1, 1, '2021-05-31 18:05:37', '2022-06-09 09:22:38', 0, 0);
INSERT INTO `sys_menu` VALUES ('16', '5', '修改', 2, NULL, NULL, 'bnt.sysMenu.update', NULL, 1, 1, '2021-05-31 18:05:37', '2022-06-09 09:22:38', 0, 0);
INSERT INTO `sys_menu` VALUES ('17', '5', '删除', 2, NULL, NULL, 'bnt.sysMenu.remove', NULL, 1, 1, '2021-05-31 18:05:37', '2022-06-09 09:22:38', 0, 0);
INSERT INTO `sys_menu` VALUES ('1704375283725672450', '0', '考试管理', 0, '/exam', 'Layout', '', 'iconfont icon-kaoshiguanli', 1, 1, '2023-09-20 14:01:48', '2023-09-24 12:33:31', 0, 3);
INSERT INTO `sys_menu` VALUES ('1704389232475021314', '1704375283725672450', '试卷管理', 1, 'Exam', 'pages/ExamData', '', 'iconfont icon-shijuanguanli', 1, 1, '2023-09-20 14:57:14', '2023-11-10 16:11:01', 0, 1);
INSERT INTO `sys_menu` VALUES ('1704425272837435394', '1704389232475021314', '查看', 2, '', '', 'bnt.Exam.list', '', 1, 1, '2023-09-20 17:20:26', '2023-11-10 16:17:25', 0, 1);
INSERT INTO `sys_menu` VALUES ('1704425363761557505', '1704389232475021314', '新增', 2, '', '', 'bnt.Exam.add', '', 1, 1, '2023-09-20 17:20:48', '2023-11-10 16:17:31', 0, 1);
INSERT INTO `sys_menu` VALUES ('1704425432116129793', '1704389232475021314', '修改', 2, '', '', 'bnt.Exam.update', '', 1, 1, '2023-09-20 17:21:04', '2023-11-10 16:17:37', 0, 1);
INSERT INTO `sys_menu` VALUES ('1704425536910815233', '1704389232475021314', '删除', 2, '', '', 'bnt.Exam.remove', '', 1, 1, '2023-09-20 17:21:29', '2023-11-10 16:17:43', 0, 1);
INSERT INTO `sys_menu` VALUES ('1704517682854985729', '1704375283725672450', '题库管理', 1, 'Question', 'pages/Question', '', 'iconfont icon-tikuguanli', 2, 1, '2023-09-20 23:27:39', '2023-11-10 16:11:09', 0, 1);
INSERT INTO `sys_menu` VALUES ('1704517825545207809', '1704517682854985729', '查看', 2, '', '', 'bnt.Question.list', '', 1, 1, '2023-09-20 23:28:13', '2023-11-10 16:17:50', 0, 1);
INSERT INTO `sys_menu` VALUES ('1704517904242933761', '1704517682854985729', '添加', 2, '', '', 'bnt.Question.add', '', 1, 1, '2023-09-20 23:28:31', '2023-11-10 16:17:55', 0, 1);
INSERT INTO `sys_menu` VALUES ('1704517973742551041', '1704517682854985729', '修改', 2, '', '', 'bnt.Question.update', '', 1, 1, '2023-09-20 23:28:48', '2023-11-10 16:18:04', 0, 1);
INSERT INTO `sys_menu` VALUES ('1704518029711343617', '1704517682854985729', '删除', 2, '', '', 'bnt.Question.remove', '', 1, 1, '2023-09-20 23:29:01', '2023-11-10 16:18:10', 0, 1);
INSERT INTO `sys_menu` VALUES ('1708448456427769858', '1704375283725672450', '我的考试', 1, 'myExam', 'pages/myExam', '', 'iconfont icon-shijuanguanli', 3, 1, '2023-10-01 19:47:08', '2023-11-10 16:11:17', 0, 1);
INSERT INTO `sys_menu` VALUES ('1708494615422758913', '1708448456427769858', '查看题目', 2, 'joinExam', 'pages/exam', 'bnt.Question.list', '', 1, 1, '2023-10-01 22:50:33', '2023-11-10 16:38:35', 0, 4);
INSERT INTO `sys_menu` VALUES ('1708727747400957954', '1704375283725672450', '我的成绩', 1, 'myScore', 'pages/ExamResult', '', 'iconfont icon-wodechengji', 4, 1, '2023-10-02 14:16:56', '2023-11-10 16:11:25', 0, 1);
INSERT INTO `sys_menu` VALUES ('1708728494981120002', '1708727747400957954', '查看', 2, '', '', 'bnt.ExamResult.list', '', 1, 1, '2023-10-02 14:19:55', '2023-11-10 16:18:39', 0, 1);
INSERT INTO `sys_menu` VALUES ('1708826095235715074', '1708448456427769858', '查看考试', 2, '', '', 'bnt.Exam.list', '', 1, 1, '2023-10-02 20:47:44', '2023-11-10 16:18:24', 0, 1);
INSERT INTO `sys_menu` VALUES ('1708830288092717057', '1708448456427769858', '提交考试', 2, '', '', 'bnt.Question.add', '', 1, 1, '2023-10-02 21:04:24', '2023-11-10 16:18:29', 0, 1);
INSERT INTO `sys_menu` VALUES ('1708839095795523585', '1704375283725672450', '查看考试成绩', 1, 'allScore', 'pages/ExamResultAll', '', 'iconfont icon-wodechengji', 5, 1, '2023-10-02 21:39:24', '2023-11-10 16:11:37', 0, 1);
INSERT INTO `sys_menu` VALUES ('1708839159507001346', '1708839095795523585', '查看', 2, '', '', 'bnt.ExamResult.list', '', 1, 1, '2023-10-02 21:39:39', '2023-11-10 16:19:07', 0, 1);
INSERT INTO `sys_menu` VALUES ('1714108876135604225', '1708727747400957954', '查看答题记录', 2, '', '', 'bnt.MyQuestionLog.list', '', 1, 1, '2023-10-17 10:39:37', '2023-11-10 16:18:45', 0, 1);
INSERT INTO `sys_menu` VALUES ('1714150921772568577', '1708839095795523585', '查看答题记录', 2, '', '', 'bnt.MyQuestionLog.list', '', 1, 1, '2023-10-17 13:26:42', '2023-11-10 16:19:13', 0, 1);
INSERT INTO `sys_menu` VALUES ('1714338466548531202', '1708727747400957954', '查看题目类型', 2, '', '', 'bnt.sysDicItem.list', '', 1, 1, '2023-10-18 01:51:56', '2023-10-18 01:57:18', 0, 2);
INSERT INTO `sys_menu` VALUES ('1738054554280886273', '5b728f902e19e6af9216b76cc82f63fc', '删除', 2, '', '', 'bnt.sysDicItem.remove', '', 1, 1, '2023-12-22 12:31:12', '2023-12-22 12:31:12', 0, 0);
INSERT INTO `sys_menu` VALUES ('18', '3', '分配角色', 2, NULL, NULL, 'bnt.sysUser.assignRole', NULL, 1, 1, '2022-05-23 17:14:32', '2022-06-09 09:22:38', 0, 0);
INSERT INTO `sys_menu` VALUES ('19', '4', '分配权限', 2, 'assignAuth', 'system/sysRole/assignAuth', 'bnt.sysRole.assignAuth', NULL, 1, 1, '2022-05-23 17:18:14', '2022-06-09 09:22:38', 0, 0);
INSERT INTO `sys_menu` VALUES ('2', '0', '系统管理', 0, '/system', 'Layout', NULL, 'el-icon-s-tools', 1, 1, '2021-05-31 18:05:37', '2023-09-18 23:56:01', 0, 1);
INSERT INTO `sys_menu` VALUES ('20', '2', '部门管理', 1, 'sysDept', 'system/sysDept/list', '', 'el-icon-s-operation', 4, 1, '2022-05-24 10:07:05', '2022-06-09 09:38:12', 0, 0);
INSERT INTO `sys_menu` VALUES ('21', '20', '查看', 2, NULL, NULL, 'bnt.sysDept.list', NULL, 1, 1, '2022-05-24 10:07:44', '2022-06-09 09:22:38', 0, 0);
INSERT INTO `sys_menu` VALUES ('22', '2', '岗位管理', 1, 'sysPost', 'system/sysPost/list', '', 'el-icon-more-outline', 5, 1, '2022-05-24 10:25:30', '2022-06-09 09:38:13', 0, 0);
INSERT INTO `sys_menu` VALUES ('23', '22', '查看', 2, NULL, NULL, 'bnt.sysPost.list', NULL, 1, 1, '2022-05-24 10:25:45', '2022-06-09 09:22:38', 0, 0);
INSERT INTO `sys_menu` VALUES ('24', '20', '添加', 2, NULL, NULL, 'bnt.sysDept.add', NULL, 1, 1, '2022-05-25 15:31:27', '2022-06-09 09:22:38', 0, 0);
INSERT INTO `sys_menu` VALUES ('25', '20', '修改', 2, NULL, NULL, 'bnt.sysDept.update', NULL, 1, 1, '2022-05-25 15:31:41', '2022-06-09 09:22:38', 0, 0);
INSERT INTO `sys_menu` VALUES ('26', '20', '删除', 2, NULL, NULL, 'bnt.sysDept.remove', NULL, 1, 1, '2022-05-25 15:31:59', '2022-06-09 09:22:38', 0, 0);
INSERT INTO `sys_menu` VALUES ('27', '22', '添加', 2, NULL, NULL, 'bnt.sysPost.add', NULL, 1, 1, '2022-05-25 15:32:44', '2022-06-09 09:22:38', 0, 0);
INSERT INTO `sys_menu` VALUES ('28', '22', '修改', 2, NULL, NULL, 'bnt.sysPost.update', NULL, 1, 1, '2022-05-25 15:32:58', '2022-06-09 09:22:38', 0, 0);
INSERT INTO `sys_menu` VALUES ('29', '22', '删除', 2, NULL, NULL, 'bnt.sysPost.remove', NULL, 1, 1, '2022-05-25 15:33:11', '2022-06-09 09:22:38', 0, 0);
INSERT INTO `sys_menu` VALUES ('3', '2', '用户管理', 1, 'sysUser', 'system/sysUser/treelist', '', 'el-icon-s-custom', 1, 1, '2021-05-31 18:05:37', '2023-02-22 14:12:57', 0, 0);
INSERT INTO `sys_menu` VALUES ('34c2f0c5e83706b74c01a640158cd02e', '5fc8df5d01c4df1ceccd8d8f663deada', '删除', 2, '', '', 'bnt.sysDic.remove', '', 1, 1, '2023-04-13 11:07:35', '2023-04-13 11:07:35', 0, 0);
INSERT INTO `sys_menu` VALUES ('4', '2', '角色管理', 1, 'sysRole', 'system/sysRole/list', '', 'el-icon-user-solid', 2, 1, '2021-05-31 18:05:37', '2022-06-09 09:37:18', 0, 0);
INSERT INTO `sys_menu` VALUES ('5', '2', '菜单管理', 1, 'sysMenu', 'system/sysMenu/list', '', 'el-icon-s-unfold', 3, 1, '2021-05-31 18:05:37', '2022-06-09 09:37:21', 0, 0);
INSERT INTO `sys_menu` VALUES ('5b728f902e19e6af9216b76cc82f63fc', '07e9b8c265f824bc7f5d0149523cc92c', '字典选项', 1, 'sysDicItem', 'system/sysDicItem/sysDicItem', '', 'iconfont icon-zidianguanli', 2, 1, '2023-04-13 11:06:03', '2023-09-18 09:29:59', 0, 1);
INSERT INTO `sys_menu` VALUES ('5fc8df5d01c4df1ceccd8d8f663deada', '07e9b8c265f824bc7f5d0149523cc92c', '字典分类管理', 1, 'sysDic', 'system/sysDic/sysDic', '', 'iconfont icon-zidianguanli', 1, 1, '2023-04-13 11:05:26', '2023-12-22 10:55:36', 0, 2);
INSERT INTO `sys_menu` VALUES ('6', '3', '查看', 2, NULL, NULL, 'bnt.sysUser.list', NULL, 1, 1, '2021-05-31 18:05:37', '2022-06-09 09:22:38', 0, 0);
INSERT INTO `sys_menu` VALUES ('61c097fe293b47ee2972bdc3c048072b', '5fc8df5d01c4df1ceccd8d8f663deada', '修改', 2, '', '', 'bnt.sysDic.update', '', 1, 1, '2023-04-13 11:07:15', '2023-04-13 11:07:15', 0, 0);
INSERT INTO `sys_menu` VALUES ('6d89625d46acaa659436ad4248fde2ab', '5b728f902e19e6af9216b76cc82f63fc', '修改', 2, '', '', 'bnt.sysDicItem.update', '', 1, 1, '2023-04-13 11:08:51', '2023-04-13 11:08:51', 0, 0);
INSERT INTO `sys_menu` VALUES ('7', '3', '添加', 2, NULL, NULL, 'bnt.sysUser.add', NULL, 1, 1, '2021-05-31 18:05:37', '2022-06-09 09:22:38', 0, 0);
INSERT INTO `sys_menu` VALUES ('720038d02c0f54fb60f66d8b293dcd9b', '5fc8df5d01c4df1ceccd8d8f663deada', '添加', 2, '', '', 'bnt.sysDic.add', '', 2, 1, '2023-04-13 11:06:58', '2023-04-13 11:06:58', 0, 0);
INSERT INTO `sys_menu` VALUES ('8', '3', '修改', 2, NULL, NULL, 'bnt.sysUser.update', NULL, 1, 1, '2021-05-31 18:05:37', '2022-06-09 09:22:38', 0, 0);
INSERT INTO `sys_menu` VALUES ('9', '3', '删除', 2, NULL, NULL, 'bnt.sysUser.remove', NULL, 1, 1, '2021-05-31 18:05:37', '2022-06-09 09:22:38', 0, 0);
INSERT INTO `sys_menu` VALUES ('e7d746c60d482a33e3ae068dbc840460', '5b728f902e19e6af9216b76cc82f63fc', '查看', 2, '', '', 'bnt.sysDicItem.list', '', 1, 1, '2023-04-13 11:07:56', '2023-04-13 11:07:56', 0, 0);
INSERT INTO `sys_menu` VALUES ('f0e6e4fc501bc1db5d0ac08e46edc417', '5b728f902e19e6af9216b76cc82f63fc', '添加', 2, '', '', 'bnt.sysDicItem.add', '', 1, 1, '2023-04-13 11:08:19', '2023-04-13 11:08:19', 0, 0);
INSERT INTO `sys_menu` VALUES ('ffa18fd6b196f2149e5107b50ba729e4', '5fc8df5d01c4df1ceccd8d8f663deada', '查看', 2, '', '', 'bnt.sysDic.list', '', 1, 1, '2023-04-13 11:06:43', '2023-04-13 11:06:43', 0, 0);

-- ----------------------------
-- Table structure for sys_post
-- ----------------------------
DROP TABLE IF EXISTS `sys_post`;
CREATE TABLE `sys_post`  (
  `id` varchar(255) CHARACTER SET utf8 COLLATE utf8_general_ci NOT NULL COMMENT '岗位ID',
  `post_code` varchar(64) CHARACTER SET utf8 COLLATE utf8_general_ci NOT NULL COMMENT '岗位编码',
  `name` varchar(50) CHARACTER SET utf8 COLLATE utf8_general_ci NOT NULL DEFAULT '' COMMENT '岗位名称',
  `description` varchar(255) CHARACTER SET utf8 COLLATE utf8_general_ci NOT NULL DEFAULT '' COMMENT '描述',
  `status` tinyint(1) NOT NULL DEFAULT 1 COMMENT '状态（1正常 0停用）',
  `create_time` timestamp NOT NULL DEFAULT CURRENT_TIMESTAMP ON UPDATE CURRENT_TIMESTAMP,
  `update_time` timestamp NOT NULL ON UPDATE CURRENT_TIMESTAMP,
  `is_deleted` tinyint NOT NULL DEFAULT 0 COMMENT '删除标记（0:可用 1:已删除）',
  `version` bigint NOT NULL DEFAULT 0 COMMENT '版本号',
  PRIMARY KEY (`id`) USING BTREE
) ENGINE = InnoDB CHARACTER SET = utf8 COLLATE = utf8_general_ci COMMENT = '岗位信息表' ROW_FORMAT = DYNAMIC;

-- ----------------------------
-- Records of sys_post
-- ----------------------------
INSERT INTO `sys_post` VALUES ('5', 'dsz', '董事长', '董事长', 1, '2022-05-24 10:33:53', '2023-04-30 12:50:38', 0, 0);
INSERT INTO `sys_post` VALUES ('6', 'zjl', '总经理', '总经理', 1, '2022-05-24 10:34:08', '2023-04-30 12:50:45', 0, 0);
INSERT INTO `sys_post` VALUES ('8', 'yyzj', '运营总监', '运营总监', 1, '2022-06-08 17:14:21', '2023-04-30 12:50:22', 0, 0);
INSERT INTO `sys_post` VALUES ('9', 'dz', '打酱油', '顶顶顶顶222', 1, '2023-02-20 23:37:06', '2023-09-18 23:52:41', 0, 1);

-- ----------------------------
-- Table structure for sys_role
-- ----------------------------
DROP TABLE IF EXISTS `sys_role`;
CREATE TABLE `sys_role`  (
  `id` varchar(255) CHARACTER SET utf8 COLLATE utf8_general_ci NOT NULL COMMENT '角色id',
  `role_name` varchar(20) CHARACTER SET utf8 COLLATE utf8_general_ci NOT NULL DEFAULT '' COMMENT '角色名称',
  `role_code` varchar(20) CHARACTER SET utf8 COLLATE utf8_general_ci NULL DEFAULT NULL COMMENT '角色编码',
  `description` varchar(255) CHARACTER SET utf8 COLLATE utf8_general_ci NULL DEFAULT NULL COMMENT '描述',
  `create_time` timestamp NOT NULL DEFAULT CURRENT_TIMESTAMP COMMENT '创建时间',
  `update_time` timestamp NOT NULL DEFAULT CURRENT_TIMESTAMP ON UPDATE CURRENT_TIMESTAMP COMMENT '更新时间',
  `is_deleted` tinyint NOT NULL DEFAULT 0 COMMENT '删除标记（0:可用 1:已删除）',
  `version` bigint NOT NULL DEFAULT 0 COMMENT '版本号',
  PRIMARY KEY (`id`) USING BTREE
) ENGINE = InnoDB CHARACTER SET = utf8 COLLATE = utf8_general_ci COMMENT = '角色' ROW_FORMAT = DYNAMIC;

-- ----------------------------
-- Records of sys_role
-- ----------------------------
INSERT INTO `sys_role` VALUES ('1705044824659365889', '考生角色', 'kaoshijuese', NULL, '2023-09-22 10:22:19', '2023-10-02 20:43:25', 0, 1);

-- ----------------------------
-- Table structure for sys_role_menu
-- ----------------------------
DROP TABLE IF EXISTS `sys_role_menu`;
CREATE TABLE `sys_role_menu`  (
  `id` varchar(255) CHARACTER SET utf8 COLLATE utf8_general_ci NOT NULL,
  `role_id` varchar(100) CHARACTER SET utf8 COLLATE utf8_general_ci NOT NULL DEFAULT '0',
  `menu_id` varchar(100) CHARACTER SET utf8 COLLATE utf8_general_ci NOT NULL DEFAULT '0',
  `create_time` timestamp NOT NULL DEFAULT CURRENT_TIMESTAMP COMMENT '创建时间',
  `update_time` timestamp NOT NULL DEFAULT CURRENT_TIMESTAMP ON UPDATE CURRENT_TIMESTAMP COMMENT '更新时间',
  `is_deleted` tinyint NOT NULL DEFAULT 0 COMMENT '删除标记（0:可用 1:已删除）',
  `version` bigint NOT NULL DEFAULT 0 COMMENT '版本号',
  PRIMARY KEY (`id`) USING BTREE,
  INDEX `idx_role_id`(`role_id`) USING BTREE,
  INDEX `idx_menu_id`(`menu_id`) USING BTREE
) ENGINE = InnoDB CHARACTER SET = utf8 COLLATE = utf8_general_ci COMMENT = '角色菜单' ROW_FORMAT = DYNAMIC;

-- ----------------------------
-- Records of sys_role_menu
-- ----------------------------
INSERT INTO `sys_role_menu` VALUES ('1652598823323181058', '1', '1646187339429044225', '2023-04-30 17:00:38', '2023-04-30 17:00:38', 0, 0);
INSERT INTO `sys_role_menu` VALUES ('1652598823335763970', '1', '1646187845945778178', '2023-04-30 17:00:38', '2023-04-30 17:00:38', 0, 0);
INSERT INTO `sys_role_menu` VALUES ('1652598823348346881', '1', '1646193464044019714', '2023-04-30 17:00:38', '2023-04-30 17:00:38', 0, 0);
INSERT INTO `sys_role_menu` VALUES ('1652598823360929793', '1', '1646191837765558273', '2023-04-30 17:00:38', '2023-04-30 17:00:38', 0, 0);
INSERT INTO `sys_role_menu` VALUES ('1652598823360929794', '1', '1646193783066976258', '2023-04-30 17:00:38', '2023-04-30 17:00:38', 0, 0);
INSERT INTO `sys_role_menu` VALUES ('1652598823369318401', '1', '1646193851681595394', '2023-04-30 17:00:38', '2023-04-30 17:00:38', 0, 0);
INSERT INTO `sys_role_menu` VALUES ('1652598823377707010', '1', '1646193933130784770', '2023-04-30 17:00:38', '2023-04-30 17:00:38', 0, 0);
INSERT INTO `sys_role_menu` VALUES ('1652598823386095617', '1', '1646194051976388610', '2023-04-30 17:00:38', '2023-04-30 17:00:38', 0, 0);
INSERT INTO `sys_role_menu` VALUES ('1652598823386095618', '1', '586efff0cc24c5f8a8cc74a25d3ee9b5', '2023-04-30 17:00:38', '2023-04-30 17:00:38', 0, 0);
INSERT INTO `sys_role_menu` VALUES ('1652598823394484225', '1', '4422f987e6d08dc0fcbadaf280c6b98c', '2023-04-30 17:00:38', '2023-04-30 17:00:38', 0, 0);
INSERT INTO `sys_role_menu` VALUES ('1652598823402872833', '1', '51f8eb07a83fa599bbc85db068a071c5', '2023-04-30 17:00:38', '2023-04-30 17:00:38', 0, 0);
INSERT INTO `sys_role_menu` VALUES ('1652598823419650050', '1', 'b6f9eb1c88eae40f489c887635440bb0', '2023-04-30 17:00:38', '2023-04-30 17:00:38', 0, 0);
INSERT INTO `sys_role_menu` VALUES ('1652598823428038658', '1', 'ea7c79a11b4a621ee2ce6f23addfa7d7', '2023-04-30 17:00:38', '2023-04-30 17:00:38', 0, 0);
INSERT INTO `sys_role_menu` VALUES ('1652598823436427266', '1', 'fd551946189361ff79ee445e7788d7ae', '2023-04-30 17:00:38', '2023-04-30 17:00:38', 0, 0);
INSERT INTO `sys_role_menu` VALUES ('1652598823444815873', '1', '163022f07fff73b6ab81af9dff5ab16c', '2023-04-30 17:00:38', '2023-04-30 17:00:38', 0, 0);
INSERT INTO `sys_role_menu` VALUES ('1652598823461593090', '1', '527342d2d2182f9d1c0ffc7d10029a49', '2023-04-30 17:00:38', '2023-04-30 17:00:38', 0, 0);
INSERT INTO `sys_role_menu` VALUES ('1652598823461593091', '1', '9eeb25ad142bcbfee574c1c12698c2af', '2023-04-30 17:00:38', '2023-04-30 17:00:38', 0, 0);
INSERT INTO `sys_role_menu` VALUES ('1652598823482564609', '1', '2', '2023-04-30 17:00:38', '2023-04-30 17:00:38', 0, 0);
INSERT INTO `sys_role_menu` VALUES ('1652598823499341826', '1', '07e9b8c265f824bc7f5d0149523cc92c', '2023-04-30 17:00:38', '2023-04-30 17:00:38', 0, 0);
INSERT INTO `sys_role_menu` VALUES ('1652598823511924737', '1', '5b728f902e19e6af9216b76cc82f63fc', '2023-04-30 17:00:38', '2023-04-30 17:00:38', 0, 0);
INSERT INTO `sys_role_menu` VALUES ('1652598823520313345', '1', 'e7d746c60d482a33e3ae068dbc840460', '2023-04-30 17:00:38', '2023-04-30 17:00:38', 0, 0);
INSERT INTO `sys_role_menu` VALUES ('1652598823537090561', '1', '5fc8df5d01c4df1ceccd8d8f663deada', '2023-04-30 17:00:38', '2023-04-30 17:00:38', 0, 0);
INSERT INTO `sys_role_menu` VALUES ('1652598823541284866', '1', 'ffa18fd6b196f2149e5107b50ba729e4', '2023-04-30 17:00:38', '2023-04-30 17:00:38', 0, 0);
INSERT INTO `sys_role_menu` VALUES ('1652598823558062081', '1', '20', '2023-04-30 17:00:38', '2023-04-30 17:00:38', 0, 0);
INSERT INTO `sys_role_menu` VALUES ('1652598823579033601', '1', '21', '2023-04-30 17:00:38', '2023-04-30 17:00:38', 0, 0);
INSERT INTO `sys_role_menu` VALUES ('1652598823595810817', '1', '24', '2023-04-30 17:00:38', '2023-04-30 17:00:38', 0, 0);
INSERT INTO `sys_role_menu` VALUES ('1652598823612588034', '1', '25', '2023-04-30 17:00:38', '2023-04-30 17:00:38', 0, 0);
INSERT INTO `sys_role_menu` VALUES ('1652598823612588035', '1', '26', '2023-04-30 17:00:38', '2023-04-30 17:00:38', 0, 0);
INSERT INTO `sys_role_menu` VALUES ('1652598823629365249', '1', '22', '2023-04-30 17:00:38', '2023-04-30 17:00:38', 0, 0);
INSERT INTO `sys_role_menu` VALUES ('1652598823637753858', '1', '23', '2023-04-30 17:00:38', '2023-04-30 17:00:38', 0, 0);
INSERT INTO `sys_role_menu` VALUES ('1652598823646142466', '1', '3', '2023-04-30 17:00:38', '2023-04-30 17:00:38', 0, 0);
INSERT INTO `sys_role_menu` VALUES ('1652598823654531074', '1', '18', '2023-04-30 17:00:38', '2023-04-30 17:00:38', 0, 0);
INSERT INTO `sys_role_menu` VALUES ('1652598823654531075', '1', '6', '2023-04-30 17:00:38', '2023-04-30 17:00:38', 0, 0);
INSERT INTO `sys_role_menu` VALUES ('1652598823662919682', '1', '7', '2023-04-30 17:00:38', '2023-04-30 17:00:38', 0, 0);
INSERT INTO `sys_role_menu` VALUES ('1652598823671308289', '1', '8', '2023-04-30 17:00:38', '2023-04-30 17:00:38', 0, 0);
INSERT INTO `sys_role_menu` VALUES ('1652598823679696898', '1', '9', '2023-04-30 17:00:38', '2023-04-30 17:00:38', 0, 0);
INSERT INTO `sys_role_menu` VALUES ('1703799083265691649', '1703798977917358081', '1703586279728091138', '2023-09-18 23:52:11', '2023-09-18 23:52:11', 0, 0);
INSERT INTO `sys_role_menu` VALUES ('1703799083311828994', '1703798977917358081', '1703587740843249666', '2023-09-18 23:52:11', '2023-09-18 23:52:11', 0, 0);
INSERT INTO `sys_role_menu` VALUES ('1703799083311828995', '1703798977917358081', '1703594472411787266', '2023-09-18 23:52:11', '2023-09-18 23:52:11', 0, 0);
INSERT INTO `sys_role_menu` VALUES ('1703799083311828996', '1703798977917358081', '1703594512358338561', '2023-09-18 23:52:11', '2023-09-18 23:52:11', 0, 0);
INSERT INTO `sys_role_menu` VALUES ('1703799083311828997', '1703798977917358081', '1703594565554696194', '2023-09-18 23:52:11', '2023-09-18 23:52:11', 0, 0);
INSERT INTO `sys_role_menu` VALUES ('1703799083311828998', '1703798977917358081', '1703594608131076097', '2023-09-18 23:52:11', '2023-09-18 23:52:11', 0, 0);
INSERT INTO `sys_role_menu` VALUES ('1703799083311828999', '1703798977917358081', '2', '2023-09-18 23:52:11', '2023-09-18 23:52:11', 0, 0);
INSERT INTO `sys_role_menu` VALUES ('1703799083311829000', '1703798977917358081', '947daeb9ca3251bc7e33b30814614fe5', '2023-09-18 23:52:11', '2023-09-18 23:52:11', 0, 0);
INSERT INTO `sys_role_menu` VALUES ('1703799083378937858', '1703798977917358081', '7399d492f884c78d86a3974e40975dfb', '2023-09-18 23:52:11', '2023-09-18 23:52:11', 0, 0);
INSERT INTO `sys_role_menu` VALUES ('1714338516397834242', '1705044824659365889', '1704375283725672450', '2023-10-18 01:52:08', '2023-10-18 01:52:08', 0, 0);
INSERT INTO `sys_role_menu` VALUES ('1714338516397834243', '1705044824659365889', '1708448456427769858', '2023-10-18 01:52:08', '2023-10-18 01:52:08', 0, 0);
INSERT INTO `sys_role_menu` VALUES ('1714338516397834244', '1705044824659365889', '1708494615422758913', '2023-10-18 01:52:08', '2023-10-18 01:52:08', 0, 0);
INSERT INTO `sys_role_menu` VALUES ('1714338516397834245', '1705044824659365889', '1708826095235715074', '2023-10-18 01:52:08', '2023-10-18 01:52:08', 0, 0);
INSERT INTO `sys_role_menu` VALUES ('1714338516460748801', '1705044824659365889', '1708830288092717057', '2023-10-18 01:52:08', '2023-10-18 01:52:08', 0, 0);
INSERT INTO `sys_role_menu` VALUES ('1714338516460748802', '1705044824659365889', '1708727747400957954', '2023-10-18 01:52:08', '2023-10-18 01:52:08', 0, 0);
INSERT INTO `sys_role_menu` VALUES ('1714338516460748803', '1705044824659365889', '1708728494981120002', '2023-10-18 01:52:08', '2023-10-18 01:52:08', 0, 0);
INSERT INTO `sys_role_menu` VALUES ('1714338516460748804', '1705044824659365889', '1714108876135604225', '2023-10-18 01:52:08', '2023-10-18 01:52:08', 0, 0);
INSERT INTO `sys_role_menu` VALUES ('1714338516460748805', '1705044824659365889', '1714338466548531202', '2023-10-18 01:52:08', '2023-10-18 01:52:08', 0, 0);
INSERT INTO `sys_role_menu` VALUES ('24', '2', '2', '2022-06-09 09:26:34', '2022-06-09 09:26:34', 0, 0);
INSERT INTO `sys_role_menu` VALUES ('25', '2', '3', '2022-06-09 09:26:34', '2022-06-09 09:26:34', 0, 0);
INSERT INTO `sys_role_menu` VALUES ('26', '2', '6', '2022-06-09 09:26:34', '2022-06-09 09:26:34', 0, 0);
INSERT INTO `sys_role_menu` VALUES ('27', '2', '7', '2022-06-09 09:26:34', '2022-06-09 09:26:34', 0, 0);
INSERT INTO `sys_role_menu` VALUES ('28', '2', '8', '2022-06-09 09:26:34', '2022-06-09 09:26:34', 0, 0);
INSERT INTO `sys_role_menu` VALUES ('29', '2', '5', '2022-06-09 09:26:34', '2022-06-09 09:26:34', 0, 0);
INSERT INTO `sys_role_menu` VALUES ('30', '2', '14', '2022-06-09 09:26:34', '2022-06-09 09:26:34', 0, 0);
INSERT INTO `sys_role_menu` VALUES ('31', '2', '20', '2022-06-09 09:26:34', '2022-06-09 09:26:34', 0, 0);
INSERT INTO `sys_role_menu` VALUES ('32', '2', '21', '2022-06-09 09:26:34', '2022-06-09 09:26:34', 0, 0);
INSERT INTO `sys_role_menu` VALUES ('33', '1625026561937264647', '2', '2023-02-17 19:46:29', '2023-02-17 19:46:29', 0, 0);
INSERT INTO `sys_role_menu` VALUES ('34', '1625026561937264647', '3', '2023-02-17 19:46:29', '2023-02-17 19:46:29', 0, 0);
INSERT INTO `sys_role_menu` VALUES ('35', '1625026561937264647', '6', '2023-02-17 19:46:29', '2023-02-17 19:46:29', 0, 0);
INSERT INTO `sys_role_menu` VALUES ('36', '1625026561937264647', '7', '2023-02-17 19:46:29', '2023-02-17 19:46:29', 0, 0);
INSERT INTO `sys_role_menu` VALUES ('37', '1625026561937264646', '2', '2023-02-20 02:42:08', '2023-02-20 02:42:08', 0, 0);
INSERT INTO `sys_role_menu` VALUES ('38', '1625026561937264646', '3', '2023-02-20 02:42:08', '2023-02-20 02:42:08', 0, 0);
INSERT INTO `sys_role_menu` VALUES ('39', '1625026561937264646', '6', '2023-02-20 02:42:08', '2023-02-20 02:42:08', 0, 0);
INSERT INTO `sys_role_menu` VALUES ('40', '1625026561937264644', '2', '2023-02-21 00:07:28', '2023-02-21 00:07:28', 0, 0);
INSERT INTO `sys_role_menu` VALUES ('41', '1625026561937264644', '20', '2023-02-21 00:07:28', '2023-02-21 00:07:28', 0, 0);
INSERT INTO `sys_role_menu` VALUES ('42', '1625026561937264644', '21', '2023-02-21 00:07:28', '2023-02-21 00:07:28', 0, 0);
INSERT INTO `sys_role_menu` VALUES ('43', '1625026561937264644', '24', '2023-02-21 00:07:28', '2023-02-21 00:07:28', 0, 0);
INSERT INTO `sys_role_menu` VALUES ('44', '1625026561937264644', '25', '2023-02-21 00:07:28', '2023-02-21 00:07:28', 0, 0);

-- ----------------------------
-- Table structure for sys_user
-- ----------------------------
DROP TABLE IF EXISTS `sys_user`;
CREATE TABLE `sys_user`  (
  `id` varchar(100) CHARACTER SET utf8mb4 COLLATE utf8mb4_0900_ai_ci NOT NULL COMMENT '会员id',
  `username` varchar(20) CHARACTER SET utf8mb4 COLLATE utf8mb4_0900_ai_ci NOT NULL DEFAULT '' COMMENT '用户名',
  `password` varchar(32) CHARACTER SET utf8mb4 COLLATE utf8mb4_0900_ai_ci NOT NULL DEFAULT '' COMMENT '密码',
  `name` varchar(50) CHARACTER SET utf8mb4 COLLATE utf8mb4_0900_ai_ci NULL DEFAULT NULL COMMENT '姓名',
  `phone` varchar(11) CHARACTER SET utf8mb4 COLLATE utf8mb4_0900_ai_ci NULL DEFAULT NULL COMMENT '手机',
  `head_url` varchar(200) CHARACTER SET utf8mb4 COLLATE utf8mb4_0900_ai_ci NULL DEFAULT NULL COMMENT '头像地址',
  `dept_id` varchar(100) CHARACTER SET utf8mb4 COLLATE utf8mb4_0900_ai_ci NULL DEFAULT NULL COMMENT '部门id',
  `post_id` varchar(100) CHARACTER SET utf8mb4 COLLATE utf8mb4_0900_ai_ci NULL DEFAULT NULL COMMENT '岗位id',
  `description` varchar(255) CHARACTER SET utf8mb4 COLLATE utf8mb4_0900_ai_ci NULL DEFAULT NULL COMMENT '描述',
  `status` tinyint NULL DEFAULT NULL COMMENT '状态（1：正常 0：停用）',
  `create_time` timestamp NOT NULL DEFAULT CURRENT_TIMESTAMP COMMENT '创建时间',
  `update_time` timestamp NOT NULL DEFAULT CURRENT_TIMESTAMP ON UPDATE CURRENT_TIMESTAMP COMMENT '更新时间',
  `is_deleted` tinyint NOT NULL DEFAULT 0 COMMENT '删除标记（0:可用 1:已删除）',
  `version` bigint NOT NULL DEFAULT 0 COMMENT '版本号',
  PRIMARY KEY (`id`) USING BTREE,
  UNIQUE INDEX `idx_username`(`username`) USING BTREE
) ENGINE = InnoDB CHARACTER SET = utf8mb4 COLLATE = utf8mb4_0900_ai_ci COMMENT = '用户表' ROW_FORMAT = DYNAMIC;

-- ----------------------------
-- Records of sys_user
-- ----------------------------
INSERT INTO `sys_user` VALUES ('1', 'admin', '96e79218965eb72c92a549dd5a330112', 'admin', '15099909888', 'http://r61cnlsfq.hn-bkt.clouddn.com/7daa4595-dfde-45da-8513-c5c2b81d20cc', '1021', '5', NULL, 1, '2021-05-31 18:08:43', '2023-09-20 15:07:36', 0, 3);
INSERT INTO `sys_user` VALUES ('1708732363983302657', 'tlf', '96e79218965eb72c92a549dd5a330112', '谭凌飞', '17666578420', NULL, NULL, '9', NULL, 1, '2023-10-02 14:35:17', '2023-10-18 01:40:19', 0, 2);
INSERT INTO `sys_user` VALUES ('1708841738500644866', 'zhangsan', '96e79218965eb72c92a549dd5a330112', '张三', '13858978456', NULL, NULL, '9', NULL, 1, '2023-10-02 21:49:54', '2023-10-18 01:40:14', 0, 3);

-- ----------------------------
-- Table structure for sys_user_dept
-- ----------------------------
DROP TABLE IF EXISTS `sys_user_dept`;
CREATE TABLE `sys_user_dept`  (
  `id` varchar(255) CHARACTER SET utf8 COLLATE utf8_bin NOT NULL,
  `user_id` varchar(255) CHARACTER SET utf8 COLLATE utf8_bin NOT NULL,
  `dept_id` varchar(255) CHARACTER SET utf8 COLLATE utf8_bin NOT NULL,
  `create_time` timestamp NOT NULL,
  `update_time` timestamp NOT NULL,
  `is_deleted` tinyint NOT NULL,
  `version` bigint NOT NULL DEFAULT 0 COMMENT '版本号',
  PRIMARY KEY (`id`) USING BTREE
) ENGINE = InnoDB CHARACTER SET = utf8 COLLATE = utf8_bin COMMENT = '用户和部门中间表' ROW_FORMAT = DYNAMIC;

-- ----------------------------
-- Records of sys_user_dept
-- ----------------------------
INSERT INTO `sys_user_dept` VALUES ('0d19b2d724bbfc55c9a6eb66b8cb86cb', '9', '2017', '2023-04-21 01:35:57', '2023-04-21 01:35:57', 0, 0);
INSERT INTO `sys_user_dept` VALUES ('1687900815578677249', 'dd59e1b7fd2e900869775ebe1127afb5', '30', '2023-08-06 02:58:09', '2023-08-06 02:58:09', 0, 0);
INSERT INTO `sys_user_dept` VALUES ('1687900815578677250', 'dd59e1b7fd2e900869775ebe1127afb5', '2013', '2023-08-06 02:58:09', '2023-08-06 02:58:09', 0, 0);
INSERT INTO `sys_user_dept` VALUES ('1687900815578677251', 'dd59e1b7fd2e900869775ebe1127afb5', '2018', '2023-08-06 02:58:09', '2023-08-06 02:58:09', 0, 0);
INSERT INTO `sys_user_dept` VALUES ('1698674585725640705', '85fcd7e29ce8908e27d63ad6144a8bca', '30', '2023-09-04 20:29:16', '2023-09-04 20:29:16', 0, 0);
INSERT INTO `sys_user_dept` VALUES ('1698674585792749569', '85fcd7e29ce8908e27d63ad6144a8bca', '2013', '2023-09-04 20:29:16', '2023-09-04 20:29:16', 0, 0);
INSERT INTO `sys_user_dept` VALUES ('1698674585792749570', '85fcd7e29ce8908e27d63ad6144a8bca', '2018', '2023-09-04 20:29:16', '2023-09-04 20:29:16', 0, 0);
INSERT INTO `sys_user_dept` VALUES ('1703795724966170626', '1703795549786869761', '30', '2023-09-18 23:38:50', '2023-09-18 23:38:50', 0, 0);
INSERT INTO `sys_user_dept` VALUES ('1703795724966170627', '1703795549786869761', '2013', '2023-09-18 23:38:50', '2023-09-18 23:38:50', 0, 0);
INSERT INTO `sys_user_dept` VALUES ('1703795724966170628', '1703795549786869761', '2018', '2023-09-18 23:38:50', '2023-09-18 23:38:50', 0, 0);
INSERT INTO `sys_user_dept` VALUES ('1703798872300589058', '886f5b1da471ca35ad0eb9445b22c1b7', '2012', '2023-09-18 23:51:21', '2023-09-18 23:51:21', 0, 0);
INSERT INTO `sys_user_dept` VALUES ('1703798872300589059', '886f5b1da471ca35ad0eb9445b22c1b7', '2016', '2023-09-18 23:51:21', '2023-09-18 23:51:21', 0, 0);
INSERT INTO `sys_user_dept` VALUES ('1703799991588388866', '1703581686155710465', '30', '2023-09-18 23:55:48', '2023-09-18 23:55:48', 0, 0);
INSERT INTO `sys_user_dept` VALUES ('1703799991588388867', '1703581686155710465', '2013', '2023-09-18 23:55:48', '2023-09-18 23:55:48', 0, 0);
INSERT INTO `sys_user_dept` VALUES ('1703799991588388868', '1703581686155710465', '2018', '2023-09-18 23:55:48', '2023-09-18 23:55:48', 0, 0);
INSERT INTO `sys_user_dept` VALUES ('1704391843768999938', '1', '1704391524548911105', '2023-09-20 15:07:36', '2023-09-20 15:07:36', 0, 0);
INSERT INTO `sys_user_dept` VALUES ('1714335522876932098', '1708841738500644866', '1704391524548911105', '2023-10-18 01:40:14', '2023-10-18 01:40:14', 0, 0);
INSERT INTO `sys_user_dept` VALUES ('1714335544091721730', '1708732363983302657', '1704391524548911105', '2023-10-18 01:40:19', '2023-10-18 01:40:19', 0, 0);
INSERT INTO `sys_user_dept` VALUES ('241866e0c5bbfd706c7522d447c723d5', '30', '2013', '2023-04-27 22:57:14', '2023-04-27 22:57:14', 0, 0);
INSERT INTO `sys_user_dept` VALUES ('3906d22d589dcff5612a8973da7ffff1', '6', '2013', '2023-04-21 00:29:06', '2023-04-21 00:29:06', 0, 0);
INSERT INTO `sys_user_dept` VALUES ('80269d0324abb518541f261dd4b2aacc', '8', '2017', '2023-04-21 20:27:02', '2023-04-21 20:27:02', 0, 0);
INSERT INTO `sys_user_dept` VALUES ('b085018a6a5cd3e448c18fa7f7ca0a92', '7', '1027', '2023-04-21 01:39:33', '2023-04-21 01:39:33', 0, 0);

-- ----------------------------
-- Table structure for sys_user_role
-- ----------------------------
DROP TABLE IF EXISTS `sys_user_role`;
CREATE TABLE `sys_user_role`  (
  `id` varchar(255) CHARACTER SET utf8 COLLATE utf8_general_ci NOT NULL COMMENT '主键id',
  `role_id` varchar(100) CHARACTER SET utf8 COLLATE utf8_general_ci NOT NULL DEFAULT '0' COMMENT '角色id',
  `user_id` varchar(100) CHARACTER SET utf8 COLLATE utf8_general_ci NOT NULL DEFAULT '0' COMMENT '用户id',
  `create_time` timestamp NOT NULL DEFAULT CURRENT_TIMESTAMP COMMENT '创建时间',
  `update_time` timestamp NOT NULL DEFAULT CURRENT_TIMESTAMP ON UPDATE CURRENT_TIMESTAMP COMMENT '更新时间',
  `is_deleted` tinyint NOT NULL DEFAULT 0 COMMENT '删除标记（0:可用 1:已删除）',
  `version` bigint NOT NULL DEFAULT 0 COMMENT '版本',
  PRIMARY KEY (`id`) USING BTREE,
  INDEX `idx_role_id`(`role_id`) USING BTREE,
  INDEX `idx_admin_id`(`user_id`) USING BTREE
) ENGINE = InnoDB CHARACTER SET = utf8 COLLATE = utf8_general_ci COMMENT = '用户角色' ROW_FORMAT = DYNAMIC;

-- ----------------------------
-- Records of sys_user_role
-- ----------------------------
INSERT INTO `sys_user_role` VALUES ('10', '1', '4', '2022-06-02 16:10:53', '2022-06-02 16:10:53', 0, 0);
INSERT INTO `sys_user_role` VALUES ('17', '1625026561937264644', '5', '2023-02-19 23:17:19', '2023-02-19 23:17:19', 0, 0);
INSERT INTO `sys_user_role` VALUES ('1705045199911161858', '1', '1', '2023-09-22 10:23:49', '2023-09-22 10:23:49', 0, 0);
INSERT INTO `sys_user_role` VALUES ('1705045199911161859', '1705044824659365889', '1', '2023-09-22 10:23:49', '2023-09-22 10:23:49', 0, 0);
INSERT INTO `sys_user_role` VALUES ('1708825040460533762', '1705044824659365889', '1708732363983302657', '2023-10-02 20:43:33', '2023-10-02 20:43:33', 0, 0);
INSERT INTO `sys_user_role` VALUES ('1708841772633890817', '1705044824659365889', '1708841738500644866', '2023-10-02 21:50:02', '2023-10-02 21:50:02', 0, 0);
INSERT INTO `sys_user_role` VALUES ('18', '1625026561937264644', '3', '2023-02-21 00:07:09', '2023-02-21 00:07:09', 0, 0);
INSERT INTO `sys_user_role` VALUES ('2', '2', '2', '2022-01-20 20:49:37', '2022-02-24 10:43:07', 0, 0);
INSERT INTO `sys_user_role` VALUES ('647b7e91cfd93688b5e89d14bb706e14', '1', '85fcd7e29ce8908e27d63ad6144a8bca', '2023-04-27 23:18:10', '2023-04-27 23:18:10', 0, 0);

-- ----------------------------
-- Table structure for user_exam_relation
-- ----------------------------
DROP TABLE IF EXISTS `user_exam_relation`;
CREATE TABLE `user_exam_relation`  (
  `id` varchar(100) CHARACTER SET utf8mb4 COLLATE utf8mb4_0900_ai_ci NOT NULL,
  `exam_id` varchar(100) CHARACTER SET utf8mb4 COLLATE utf8mb4_0900_ai_ci NOT NULL COMMENT '考试id',
  `user_id` varchar(100) CHARACTER SET utf8mb4 COLLATE utf8mb4_0900_ai_ci NOT NULL COMMENT '用户id',
  `create_time` timestamp NOT NULL COMMENT '创建时间',
  `update_time` timestamp NOT NULL COMMENT '更新时间',
  `is_deleted` tinyint NOT NULL,
  `status` tinyint NULL DEFAULT 0 COMMENT '0:未开始 1:进行中 2:已完成',
  `version` bigint NOT NULL,
  PRIMARY KEY (`id`) USING BTREE
) ENGINE = InnoDB CHARACTER SET = utf8mb4 COLLATE = utf8mb4_0900_ai_ci COMMENT = '用户考试关系表' ROW_FORMAT = Dynamic;

-- ----------------------------
-- Records of user_exam_relation
-- ----------------------------
INSERT INTO `user_exam_relation` VALUES ('1714330445344784386', '1714328546776305665', '1', '2023-10-18 01:20:04', '2023-10-18 01:20:04', 1, 0, 0);
INSERT INTO `user_exam_relation` VALUES ('1714330445399310338', '1714328546776305665', '1708841738500644866', '2023-10-18 01:20:04', '2023-10-18 01:20:04', 1, 0, 0);
INSERT INTO `user_exam_relation` VALUES ('1714330445399310339', '1714328546776305665', '1708732363983302657', '2023-10-18 01:20:04', '2023-10-18 01:20:04', 1, 0, 0);
INSERT INTO `user_exam_relation` VALUES ('1714330699360223234', '1714328546776305665', '1', '2023-10-18 01:21:04', '2023-10-18 01:21:04', 1, 0, 0);
INSERT INTO `user_exam_relation` VALUES ('1714330699402166274', '1714328546776305665', '1708841738500644866', '2023-10-18 01:21:04', '2023-10-18 01:21:04', 1, 0, 0);
INSERT INTO `user_exam_relation` VALUES ('1714330699402166275', '1714328546776305665', '1708732363983302657', '2023-10-18 01:21:04', '2023-10-18 01:21:04', 1, 0, 0);
INSERT INTO `user_exam_relation` VALUES ('1714330755865886722', '1714328546776305665', '1', '2023-10-18 01:21:18', '2023-10-18 01:21:18', 1, 0, 0);
INSERT INTO `user_exam_relation` VALUES ('1714330755932995585', '1714328546776305665', '1708841738500644866', '2023-10-18 01:21:18', '2023-10-18 01:21:18', 1, 0, 0);
INSERT INTO `user_exam_relation` VALUES ('1714330755932995586', '1714328546776305665', '1708732363983302657', '2023-10-18 01:21:18', '2023-10-18 01:21:18', 1, 0, 0);
INSERT INTO `user_exam_relation` VALUES ('1714331525285789697', '1714328546776305665', '1', '2023-10-18 01:24:21', '2023-10-18 01:24:21', 1, 0, 0);
INSERT INTO `user_exam_relation` VALUES ('1714331525352898562', '1714328546776305665', '1708841738500644866', '2023-10-18 01:24:21', '2023-10-18 01:24:21', 1, 0, 0);
INSERT INTO `user_exam_relation` VALUES ('1714331525352898563', '1714328546776305665', '1708732363983302657', '2023-10-18 01:24:21', '2023-10-18 01:24:21', 1, 0, 0);
INSERT INTO `user_exam_relation` VALUES ('1714334148105715713', '1714328546776305665', '1', '2023-10-18 01:34:46', '2023-10-18 01:34:46', 1, 0, 0);
INSERT INTO `user_exam_relation` VALUES ('1714334148105715714', '1714328546776305665', '1708841738500644866', '2023-10-18 01:34:46', '2023-10-18 01:34:46', 1, 0, 0);
INSERT INTO `user_exam_relation` VALUES ('1714334148105715715', '1714328546776305665', '1708732363983302657', '2023-10-18 01:34:46', '2023-10-18 01:34:46', 1, 0, 0);
INSERT INTO `user_exam_relation` VALUES ('1714337474402697218', '1714328546776305665', '1', '2023-10-18 01:47:59', '2023-10-18 01:47:59', 1, 0, 0);
INSERT INTO `user_exam_relation` VALUES ('1714337474402697219', '1714328546776305665', '1708841738500644866', '2023-10-18 01:47:59', '2023-10-18 01:47:59', 1, 0, 0);
INSERT INTO `user_exam_relation` VALUES ('1714337755186184194', '1714328546776305665', '1', '2023-10-18 01:49:06', '2023-10-18 01:49:06', 1, 0, 0);
INSERT INTO `user_exam_relation` VALUES ('1714337755186184195', '1714328546776305665', '1708841738500644866', '2023-10-18 01:49:06', '2023-10-18 01:49:06', 1, 0, 0);
INSERT INTO `user_exam_relation` VALUES ('1714340000954957826', '1714328546776305665', '1', '2023-10-18 01:58:02', '2023-10-18 01:58:02', 1, 0, 0);
INSERT INTO `user_exam_relation` VALUES ('1714340000954957827', '1714328546776305665', '1708841738500644866', '2023-10-18 01:58:02', '2023-10-18 01:58:02', 1, 0, 0);
INSERT INTO `user_exam_relation` VALUES ('1714342887026180100', '1714328546776305665', '1', '2023-10-18 02:09:30', '2023-10-18 02:09:30', 1, 0, 0);
INSERT INTO `user_exam_relation` VALUES ('1714342887026180101', '1714328546776305665', '1708841738500644866', '2023-10-18 02:09:30', '2023-10-18 02:09:30', 1, 0, 0);
INSERT INTO `user_exam_relation` VALUES ('1714345055405850628', '1714328546776305665', '1', '2023-10-18 02:18:07', '2023-10-18 02:18:07', 1, 0, 0);
INSERT INTO `user_exam_relation` VALUES ('1714345055405850629', '1714328546776305665', '1708841738500644866', '2023-10-18 02:18:07', '2023-10-18 02:18:07', 1, 0, 0);
INSERT INTO `user_exam_relation` VALUES ('1714345116399419397', '1714328546776305665', '1', '2023-10-18 02:18:21', '2023-10-18 02:18:21', 1, 0, 0);
INSERT INTO `user_exam_relation` VALUES ('1714345116399419398', '1714328546776305665', '1708841738500644866', '2023-10-18 02:18:21', '2023-10-18 02:18:21', 1, 0, 0);
INSERT INTO `user_exam_relation` VALUES ('1714345466074349570', '1714345466074349569', '1708841738500644866', '2023-10-18 02:19:45', '2023-10-18 02:19:45', 1, 0, 0);
INSERT INTO `user_exam_relation` VALUES ('1714930249829490693', '1714328546776305665', '1', '2023-10-19 17:03:28', '2023-10-19 17:03:28', 1, 0, 0);
INSERT INTO `user_exam_relation` VALUES ('1714930249829490694', '1714328546776305665', '1708841738500644866', '2023-10-19 17:03:28', '2023-10-19 17:03:28', 1, 0, 0);
INSERT INTO `user_exam_relation` VALUES ('1714930249829490695', '1714328546776305665', '1708841738500644866', '2023-10-19 17:03:28', '2023-10-19 17:03:28', 1, 0, 0);
INSERT INTO `user_exam_relation` VALUES ('1714941762430607361', '1714345466074349569', '1708841738500644866', '2023-10-19 17:49:13', '2023-10-19 17:49:13', 1, 0, 0);
INSERT INTO `user_exam_relation` VALUES ('1714941762430607362', '1714345466074349569', '1', '2023-10-19 17:49:13', '2023-10-19 17:49:13', 1, 0, 0);
INSERT INTO `user_exam_relation` VALUES ('1714941762430607363', '1714345466074349569', '1708841738500644866', '2023-10-19 17:49:13', '2023-10-19 17:49:13', 1, 0, 0);
INSERT INTO `user_exam_relation` VALUES ('1714941762493521922', '1714345466074349569', '1708841738500644866', '2023-10-19 17:49:13', '2023-10-19 17:49:13', 1, 0, 0);
INSERT INTO `user_exam_relation` VALUES ('1722893994065231873', '1714345466074349569', '1', '2023-11-10 16:28:33', '2023-11-10 16:28:33', 1, 0, 0);
INSERT INTO `user_exam_relation` VALUES ('1722893994065231874', '1714345466074349569', '1708841738500644866', '2023-11-10 16:28:33', '2023-11-10 16:28:33', 1, 0, 0);
INSERT INTO `user_exam_relation` VALUES ('1722893994065231875', '1714345466074349569', '1708841738500644866', '2023-11-10 16:28:33', '2023-11-10 16:28:33', 1, 0, 0);
INSERT INTO `user_exam_relation` VALUES ('1722893994065231876', '1714345466074349569', '1708841738500644866', '2023-11-10 16:28:33', '2023-11-10 16:28:33', 1, 0, 0);
INSERT INTO `user_exam_relation` VALUES ('1722893994065231877', '1714345466074349569', '1', '2023-11-10 16:28:33', '2023-11-10 16:28:33', 1, 0, 0);
INSERT INTO `user_exam_relation` VALUES ('1722893994065231878', '1714345466074349569', '1708841738500644866', '2023-11-10 16:28:33', '2023-11-10 16:28:33', 1, 0, 0);
INSERT INTO `user_exam_relation` VALUES ('1722893994065231879', '1714345466074349569', '1708841738500644866', '2023-11-10 16:28:33', '2023-11-10 16:28:33', 1, 0, 0);
INSERT INTO `user_exam_relation` VALUES ('1722920724125511682', '1714328546776305665', '1', '2023-11-10 18:14:46', '2023-11-10 18:14:46', 1, 0, 0);
INSERT INTO `user_exam_relation` VALUES ('1722920724125511683', '1714328546776305665', '1708841738500644866', '2023-11-10 18:14:46', '2023-11-10 18:14:46', 1, 0, 0);
INSERT INTO `user_exam_relation` VALUES ('1722920724125511684', '1714328546776305665', '1708841738500644866', '2023-11-10 18:14:46', '2023-11-10 18:14:46', 1, 0, 0);
INSERT INTO `user_exam_relation` VALUES ('1722920724125511685', '1714328546776305665', '1', '2023-11-10 18:14:46', '2023-11-10 18:14:46', 1, 0, 0);
INSERT INTO `user_exam_relation` VALUES ('1722920724125511686', '1714328546776305665', '1708841738500644866', '2023-11-10 18:14:46', '2023-11-10 18:14:46', 1, 0, 0);
INSERT INTO `user_exam_relation` VALUES ('1722920724196814850', '1714328546776305665', '1708841738500644866', '2023-11-10 18:14:46', '2023-11-10 18:14:46', 1, 0, 0);
INSERT INTO `user_exam_relation` VALUES ('1722920724196814851', '1714328546776305665', '1708841738500644866', '2023-11-10 18:14:46', '2023-11-10 18:14:46', 1, 0, 0);
INSERT INTO `user_exam_relation` VALUES ('1722920724196814852', '1714328546776305665', '1', '2023-11-10 18:14:46', '2023-11-10 18:14:46', 1, 0, 0);
INSERT INTO `user_exam_relation` VALUES ('1722920724196814853', '1714328546776305665', '1708841738500644866', '2023-11-10 18:14:46', '2023-11-10 18:14:46', 1, 0, 0);
INSERT INTO `user_exam_relation` VALUES ('1722920724196814854', '1714328546776305665', '1708841738500644866', '2023-11-10 18:14:46', '2023-11-10 18:14:46', 1, 0, 0);
INSERT INTO `user_exam_relation` VALUES ('1738032458788044802', '1714345466074349569', '1', '2023-12-22 11:03:24', '2023-12-22 11:03:24', 0, 0, 0);
INSERT INTO `user_exam_relation` VALUES ('1738032458788044803', '1714345466074349569', '1708841738500644866', '2023-12-22 11:03:24', '2023-12-22 11:03:24', 0, 0, 0);
INSERT INTO `user_exam_relation` VALUES ('1738032458788044804', '1714345466074349569', '1708841738500644866', '2023-12-22 11:03:24', '2023-12-22 11:03:24', 0, 0, 0);
INSERT INTO `user_exam_relation` VALUES ('1738032458788044805', '1714345466074349569', '1708841738500644866', '2023-12-22 11:03:24', '2023-12-22 11:03:24', 0, 0, 0);
INSERT INTO `user_exam_relation` VALUES ('1738032458788044806', '1714345466074349569', '1', '2023-12-22 11:03:24', '2023-12-22 11:03:24', 0, 0, 0);
INSERT INTO `user_exam_relation` VALUES ('1738032458876125186', '1714345466074349569', '1708841738500644866', '2023-12-22 11:03:24', '2023-12-22 11:03:24', 0, 0, 0);
INSERT INTO `user_exam_relation` VALUES ('1738032458876125187', '1714345466074349569', '1708841738500644866', '2023-12-22 11:03:24', '2023-12-22 11:03:24', 0, 0, 0);
INSERT INTO `user_exam_relation` VALUES ('1738032458876125188', '1714345466074349569', '1', '2023-12-22 11:03:24', '2023-12-22 11:03:24', 0, 0, 0);
INSERT INTO `user_exam_relation` VALUES ('1738032458876125189', '1714345466074349569', '1708841738500644866', '2023-12-22 11:03:24', '2023-12-22 11:03:24', 0, 0, 0);
INSERT INTO `user_exam_relation` VALUES ('1738032458876125190', '1714345466074349569', '1708841738500644866', '2023-12-22 11:03:24', '2023-12-22 11:03:24', 0, 0, 0);
INSERT INTO `user_exam_relation` VALUES ('1738032458930651137', '1714345466074349569', '1', '2023-12-22 11:03:24', '2023-12-22 11:03:24', 0, 0, 0);
INSERT INTO `user_exam_relation` VALUES ('1738032458930651138', '1714345466074349569', '1708841738500644866', '2023-12-22 11:03:24', '2023-12-22 11:03:24', 0, 0, 0);
INSERT INTO `user_exam_relation` VALUES ('1738032458930651139', '1714345466074349569', '1708841738500644866', '2023-12-22 11:03:24', '2023-12-22 11:03:24', 0, 0, 0);
INSERT INTO `user_exam_relation` VALUES ('1738032458930651140', '1714345466074349569', '1708841738500644866', '2023-12-22 11:03:24', '2023-12-22 11:03:24', 0, 0, 0);
INSERT INTO `user_exam_relation` VALUES ('1738032458930651141', '1714345466074349569', '1', '2023-12-22 11:03:24', '2023-12-22 11:03:24', 0, 0, 0);
INSERT INTO `user_exam_relation` VALUES ('1738032458930651142', '1714345466074349569', '1708841738500644866', '2023-12-22 11:03:24', '2023-12-22 11:03:24', 0, 0, 0);
INSERT INTO `user_exam_relation` VALUES ('1738032458930651143', '1714345466074349569', '1708841738500644866', '2023-12-22 11:03:24', '2023-12-22 11:03:24', 0, 0, 0);
INSERT INTO `user_exam_relation` VALUES ('1738032497086234625', '1714328546776305665', '1', '2023-12-22 11:03:33', '2023-12-22 11:03:33', 0, 0, 0);
INSERT INTO `user_exam_relation` VALUES ('1738032497086234626', '1714328546776305665', '1708841738500644866', '2023-12-22 11:03:33', '2023-12-22 11:03:33', 0, 0, 0);
INSERT INTO `user_exam_relation` VALUES ('1738032497086234627', '1714328546776305665', '1708841738500644866', '2023-12-22 11:03:33', '2023-12-22 11:03:33', 0, 0, 0);
INSERT INTO `user_exam_relation` VALUES ('1738032497086234628', '1714328546776305665', '1', '2023-12-22 11:03:33', '2023-12-22 11:03:33', 0, 0, 0);
INSERT INTO `user_exam_relation` VALUES ('1738032497086234629', '1714328546776305665', '1708841738500644866', '2023-12-22 11:03:33', '2023-12-22 11:03:33', 0, 0, 0);
INSERT INTO `user_exam_relation` VALUES ('1738032497086234630', '1714328546776305665', '1708841738500644866', '2023-12-22 11:03:33', '2023-12-22 11:03:33', 0, 0, 0);
INSERT INTO `user_exam_relation` VALUES ('1738032497123983361', '1714328546776305665', '1708841738500644866', '2023-12-22 11:03:33', '2023-12-22 11:03:33', 0, 0, 0);
INSERT INTO `user_exam_relation` VALUES ('1738032497123983362', '1714328546776305665', '1', '2023-12-22 11:03:33', '2023-12-22 11:03:33', 0, 0, 0);
INSERT INTO `user_exam_relation` VALUES ('1738032497123983363', '1714328546776305665', '1708841738500644866', '2023-12-22 11:03:33', '2023-12-22 11:03:33', 0, 0, 0);
INSERT INTO `user_exam_relation` VALUES ('1738032497123983364', '1714328546776305665', '1708841738500644866', '2023-12-22 11:03:33', '2023-12-22 11:03:33', 0, 0, 0);
INSERT INTO `user_exam_relation` VALUES ('1738032497123983365', '1714328546776305665', '1', '2023-12-22 11:03:33', '2023-12-22 11:03:33', 0, 0, 0);
INSERT INTO `user_exam_relation` VALUES ('1738032497123983366', '1714328546776305665', '1708841738500644866', '2023-12-22 11:03:33', '2023-12-22 11:03:33', 0, 0, 0);
INSERT INTO `user_exam_relation` VALUES ('1738032497123983367', '1714328546776305665', '1708841738500644866', '2023-12-22 11:03:33', '2023-12-22 11:03:33', 0, 0, 0);
INSERT INTO `user_exam_relation` VALUES ('1738032497123983368', '1714328546776305665', '1708841738500644866', '2023-12-22 11:03:33', '2023-12-22 11:03:33', 0, 0, 0);
INSERT INTO `user_exam_relation` VALUES ('1738032497123983369', '1714328546776305665', '1', '2023-12-22 11:03:33', '2023-12-22 11:03:33', 0, 0, 0);
INSERT INTO `user_exam_relation` VALUES ('1738032497191092225', '1714328546776305665', '1708841738500644866', '2023-12-22 11:03:33', '2023-12-22 11:03:33', 0, 0, 0);
INSERT INTO `user_exam_relation` VALUES ('1738032497191092226', '1714328546776305665', '1708841738500644866', '2023-12-22 11:03:33', '2023-12-22 11:03:33', 0, 0, 0);
INSERT INTO `user_exam_relation` VALUES ('1738032497191092227', '1714328546776305665', '1', '2023-12-22 11:03:33', '2023-12-22 11:03:33', 0, 0, 0);
INSERT INTO `user_exam_relation` VALUES ('1738032497191092228', '1714328546776305665', '1708841738500644866', '2023-12-22 11:03:33', '2023-12-22 11:03:33', 0, 0, 0);
INSERT INTO `user_exam_relation` VALUES ('1738032497191092229', '1714328546776305665', '1708841738500644866', '2023-12-22 11:03:33', '2023-12-22 11:03:33', 0, 0, 0);
INSERT INTO `user_exam_relation` VALUES ('1738032497191092230', '1714328546776305665', '1', '2023-12-22 11:03:33', '2023-12-22 11:03:33', 0, 0, 0);
INSERT INTO `user_exam_relation` VALUES ('1738032497191092231', '1714328546776305665', '1708841738500644866', '2023-12-22 11:03:33', '2023-12-22 11:03:33', 0, 0, 0);
INSERT INTO `user_exam_relation` VALUES ('1738032497191092232', '1714328546776305665', '1708841738500644866', '2023-12-22 11:03:33', '2023-12-22 11:03:33', 0, 0, 0);
INSERT INTO `user_exam_relation` VALUES ('1738032497191092233', '1714328546776305665', '1708841738500644866', '2023-12-22 11:03:33', '2023-12-22 11:03:33', 0, 0, 0);
INSERT INTO `user_exam_relation` VALUES ('1738032497258201090', '1714328546776305665', '1', '2023-12-22 11:03:33', '2023-12-22 11:03:33', 0, 0, 0);
INSERT INTO `user_exam_relation` VALUES ('1738032497258201091', '1714328546776305665', '1708841738500644866', '2023-12-22 11:03:33', '2023-12-22 11:03:33', 0, 0, 0);
INSERT INTO `user_exam_relation` VALUES ('1738032497258201092', '1714328546776305665', '1708841738500644866', '2023-12-22 11:03:33', '2023-12-22 11:03:33', 0, 0, 0);

SET FOREIGN_KEY_CHECKS = 1;
